time,theta1,theta2,theta3,d4
0.0,-0.7853981633974483,1.0471975511965979,-2.8634050400351705,0.14
0.025252525252525252,-0.7850337470108933,1.0471975511965979,-2.8629155390884478,0.14
0.050505050505050504,-0.783948830398211,1.0471975511965979,-2.861456249724423,0.14
0.07575757575757576,-0.7821559123798743,1.0471975511965979,-2.8590409921573126,0.14
0.10101010101010101,-0.7796674917763565,1.0471975511965979,-2.855683586601333,0.14
0.12626262626262627,-0.7764960674081312,1.0471975511965979,-2.8513978532706994,0.14
0.15151515151515152,-0.7726541380956716,1.0471975511965979,-2.846197612379628,0.14
0.17676767676767677,-0.768154202659451,1.0471975511965979,-2.8400966841423356,0.14
0.20202020202020202,-0.7630087599199425,1.0471975511965979,-2.833108888773038,0.14
0.22727272727272727,-0.7572303086976199,1.0471975511965979,-2.8252480464859513,0.14
0.25252525252525254,-0.7508313478129561,1.0471975511965979,-2.8165279774952907,0.14
0.2777777777777778,-0.7438243760864246,1.0471975511965979,-2.8069625020152733,0.14
0.30303030303030304,-0.7362218923384987,1.0471975511965979,-2.7965654402601148,0.14
0.3282828282828283,-0.7280363953896517,1.0471975511965979,-2.7853506124440317,0.14
0.35353535353535354,-0.7192803840603569,1.0471975511965979,-2.773331838781239,0.14
0.3787878787878788,-0.7099663571710876,1.0471975511965979,-2.760522939485954,0.14
0.40404040404040403,-0.700106813542317,1.0471975511965979,-2.7469377347723913,0.14
0.4292929292929293,-0.6897142519945186,1.0471975511965979,-2.732590044854769,0.14
0.45454545454545453,-0.6788011713481658,1.0471975511965979,-2.7174936899473012,0.14
0.4797979797979798,-0.6673800704237316,1.0471975511965979,-2.701662490264205,0.14
0.5050505050505051,-0.6554634480416894,1.0471975511965979,-2.685110266019696,0.14
0.5303030303030303,-0.6430638030225128,1.0471975511965979,-2.667850837427991,0.14
0.5555555555555556,-0.6301936341866747,1.0471975511965979,-2.6498980247033055,0.14
0.5808080808080808,-0.616865440354649,1.0471975511965979,-2.6312656480598555,0.14
0.6060606060606061,-0.6030917203469083,1.0471975511965979,-2.6119675277118573,0.14
0.6313131313131313,-0.5888849729839264,1.0471975511965979,-2.5920174838735264,0.14
0.6565656565656566,-0.5742576970861765,1.0471975511965979,-2.57142933675908,0.14
0.6818181818181818,-0.5592223914741319,1.0471975511965979,-2.550216906582733,0.14
0.7070707070707071,-0.5437915549682658,1.0471975511965979,-2.528394013558702,0.14
0.7323232323232323,-0.5279776863890516,1.0471975511965979,-2.5059744779012036,0.14
0.7575757575757576,-0.5117932845569628,1.0471975511965979,-2.4829721198244528,0.14
0.7828282828282828,-0.49525084829247246,1.0471975511965979,-2.4594007595426666,0.14
0.8080808080808081,-0.4783628764160539,1.0471975511965979,-2.4352742172700603,0.14
0.8333333333333334,-0.46114186774818056,1.0471975511965979,-2.4106063132208506,0.14
0.8585858585858586,-0.4436003211093258,1.0471975511965979,-2.385410867609253,0.14
0.8838383838383839,-0.42575073531996277,1.0471975511965979,-2.359701700649484,0.14
0.9090909090909091,-0.4076056092005648,1.0471975511965979,-2.3334926325557594,0.14
0.9343434343434344,-0.3891774415716053,1.0471975511965979,-2.3067974835422955,0.14
0.9595959595959596,-0.37047873125355757,1.0471975511965979,-2.279630073823308,0.14
0.9848484848484849,-0.351521977066895,1.0471975511965979,-2.252004223613014,0.14
1.0101010101010102,-0.3323196778320905,1.0471975511965979,-2.2239337531256274,0.14
1.0353535353535352,-0.3128843323696181,1.0471975511965979,-2.1954324825753666,0.14
1.0606060606060606,-0.2932284394999505,1.0471975511965979,-2.1665142321764463,0.14
1.0858585858585859,-0.2733644980435611,1.0471975511965979,-2.137192822143083,0.14
1.1111111111111112,-0.2533050068209234,1.0471975511965979,-2.107482072689493,0.14
1.1363636363636362,-0.2330624646525109,1.0471975511965979,-2.0773958040298925,0.14
1.1616161616161615,-0.21264937035879639,1.0471975511965979,-2.0469478363784965,0.14
1.1868686868686869,-0.19207822276025352,1.0471975511965979,-2.016151989949522,0.14
1.2121212121212122,-0.1713615206773554,1.0471975511965979,-1.9850220849571847,0.14
1.2373737373737375,-0.15051176293057564,1.0471975511965979,-1.9535719416157007,0.14
1.2626262626262625,-0.1295414483403875,1.0471975511965979,-1.9218153801392863,0.14
1.2878787878787878,-0.10846307572726405,1.0471975511965979,-1.8897662207421573,0.14
1.3131313131313131,-0.0872891439116788,1.0471975511965979,-1.85743828363853,0.14
1.3383838383838385,-0.06603215171410487,1.0471975511965979,-1.8248453890426202,0.14
1.3636363636363635,-0.04470459795501602,1.0471975511965979,-1.7920013571686442,0.14
1.3888888888888888,-0.0233189814548852,1.0471975511965979,-1.7589200082308178,0.14
1.4141414141414141,-0.001887801034185621,1.0471975511965979,-1.7256151624433573,0.14
1.4393939393939394,0.01957644448660939,1.0471975511965979,-1.6921006400204788,0.14
1.4646464646464645,0.041061256287026004,1.0471975511965979,-1.6583902611763985,0.14
1.4898989898989898,0.06255413554659123,1.0471975511965979,-1.624497846125332,0.14
1.5151515151515151,0.08404258344483212,1.0471975511965979,-1.5904372150814954,0.14
1.5404040404040404,0.10551410116127496,1.0471975511965979,-1.5562221882591052,0.14
1.5656565656565655,0.12695618987544638,1.0471975511965979,-1.5218665858723774,0.14
1.5909090909090908,0.14835635076687337,1.0471975511965979,-1.4873842281355274,0.14
1.6161616161616161,0.16970208501508222,1.0471975511965979,-1.452788935262772,0.14
1.6414141414141414,0.19098089379960004,1.0471975511965979,-1.4180945274683272,0.14
1.6666666666666667,0.21218027829995312,1.0471975511965979,-1.3833148249664085,0.14
1.6919191919191918,0.23328773969566807,1.0471975511965979,-1.348463647971233,0.14
1.7171717171717171,0.2542907791662724,1.0471975511965979,-1.3135548166970161,0.14
1.7424242424242424,0.27517689789129207,1.0471975511965979,-1.278602151357973,0.14
1.7676767676767677,0.2959335970502537,1.0471975511965979,-1.2436194721683216,0.14
1.7929292929292928,0.3165483778226843,1.0471975511965979,-1.2086205993422765,0.14
1.8181818181818181,0.33700874138811066,1.0471975511965979,-1.1736193530940549,0.14
1.8434343434343434,0.35730218892605914,1.0471975511965979,-1.1386295536378717,0.14
1.8686868686868687,0.3774162216160567,1.0471975511965979,-1.1036650211879433,0.14
1.8939393939393938,0.3973383406376293,1.0471975511965979,-1.0687395759584866,0.14
1.9191919191919191,0.417056047170305,1.0471975511965979,-1.0338670381637167,0.14
1.9444444444444444,0.43655684239360926,1.0471975511965979,-0.9990612280178506,0.14
1.9696969696969697,0.45582822748706886,1.0471975511965979,-0.9643359657351032,0.14
1.9949494949494948,0.4748577036302115,1.0471975511965979,-0.9297050715296913,0.14
2.0202020202020203,0.49363277200256306,1.0471975511965979,-0.8951823656158304,0.14
2.0454545454545454,0.51214093378365,1.0471975511965979,-0.8607816682077376,0.14
2.0707070707070705,0.5303696901529993,1.0471975511965979,-0.8265167995196288,0.14
2.095959595959596,0.5483065422901379,1.0471975511965979,-0.7924015797657187,0.14
2.121212121212121,0.5659389913745922,1.0471975511965979,-0.7584498291602251,0.14
2.1464646464646466,0.5832545385858894,1.0471975511965979,-0.7246753679173621,0.14
2.1717171717171717,0.6002406851035553,1.0471975511965979,-0.6910920162513481,0.14
2.196969696969697,0.6168849321071168,1.0471975511965979,-0.6577135943763974,0.14
2.2222222222222223,0.6331747807761021,1.0471975511965979,-0.6245539225067265,0.14
2.2474747474747474,0.6490977322900351,1.0471975511965979,-0.5916268208565518,0.14
2.2727272727272725,0.6646412878284442,1.0471975511965979,-0.5589461096400901,0.14
2.297979797979798,0.6797929485708569,1.0471975511965979,-0.5265256090715555,0.14
2.323232323232323,0.6945402156967981,1.0471975511965979,-0.4943791393651651,0.14
2.3484848484848486,0.7088705903857953,1.0471975511965979,-0.46252052073513505,0.14
2.3737373737373737,0.722771573817375,1.0471975511965979,-0.43096357339568225,0.14
2.398989898989899,0.7362306671710643,1.0471975511965979,-0.3997221175610213,0.14
2.4242424242424243,0.74923537162639,1.0471975511965979,-0.3688099734453685,0.14
2.4494949494949494,0.7617731883628778,1.0471975511965979,-0.33824096126294023,0.14
2.474747474747475,0.7738316185600553,1.0471975511965979,-0.30802890122795246,0.14
2.5,0.7853981633974483,1.0471975511965979,-0.2781876135546226,0.14
2.525252525252525,0.7964633952459823,1.0471730838293505,-0.24872944569205435,0.1400020406081012
2.5505050505050506,0.8070301712421735,1.0470996817276088,-0.21966085402891178,0.14000816243240485
2.5757575757575757,0.8171044197139355,1.0469773448913728,-0.1909868221887483,0.14001836547291094
2.6010101010101008,0.8266920689891829,1.0468060733206421,-0.1627123337951173,0.14003264972961943
2.6262626262626263,0.8357990473958301,1.0465858670154173,-0.13484237247157105,0.14005101520253035
2.6515151515151514,0.8444312832617906,1.0463167259756978,-0.10738192184166362,0.1400734618916437
2.676767676767677,0.8525947049149794,1.0459986502014842,-0.08033596552894728,0.14009998979695948
2.702020202020202,0.86029524068331,1.0456316396927758,-0.0537094871569761,0.1401305989184777
2.727272727272727,0.8675388188946969,1.0452156944495732,-0.02750747034930301,0.14016528925619834
2.7525252525252526,0.8743313678770543,1.044750814471876,-0.0017348987294805163,0.1402040608101214
2.7777777777777777,0.8806788159582962,1.0442369997596845,0.023603244078937546,0.1402469135802469
2.8030303030303028,0.8865870914663372,1.0436742503129985,0.04850197445239868,0.14029384756657484
2.8282828282828283,0.8920621227290909,1.043062566131818,0.07295630876734949,0.14034486276910518
2.8535353535353534,0.8971098380744721,1.0424019472161432,0.09696126340023636,0.14039995918783796
2.878787878787879,0.9017361658303945,1.0416923935659739,0.12051185472750725,0.1404591368227732
2.904040404040404,0.9059470343247725,1.0409339051813102,0.14360309912560765,0.1405223956739108
2.929292929292929,0.9097483718855203,1.040126482062152,0.16623001297098527,0.1405897357412509
2.9545454545454546,0.9131461068405521,1.0392701242084996,0.18838761264008697,0.1406611570247934
2.9797979797979797,0.9161461675177821,1.0383648316203524,0.2100709145093591,0.1407366595245383
3.005050505050505,0.9187544822451243,1.0374106042977111,0.23127493495524942,0.14081624324048567
3.0303030303030303,0.920976979350493,1.0364074422405751,0.25199469035420385,0.14089990817263545
3.0555555555555554,0.9228195871618026,1.0353553454489448,0.27222519708266946,0.14098765432098767
3.080808080808081,0.924288234006967,1.0342543139228202,0.29196147151709395,0.14107948168554227
3.106060606060606,0.9253888482139006,1.0331043476622008,0.31119853003392284,0.14117539026629936
3.131313131313131,0.926127358110517,1.0319054466670872,0.32993138900960384,0.14127538006325885
3.1565656565656566,0.9265096920247314,1.0306576109374792,0.34815506482058445,0.14137945107642075
3.1818181818181817,0.9265417782844573,1.0293608404733767,0.36586457384331017,0.14148760330578514
3.207070707070707,0.9262295452176091,1.0280151352747797,0.3830549324542285,0.1415998367513519
3.2323232323232323,0.925578921152101,1.0266204953416884,0.39972115702978606,0.1417161514131211
3.2575757575757573,0.9245958344158468,1.0251769206741026,0.4158582639464299,0.14183654729109274
3.282828282828283,0.9232862133367613,1.0236844112720225,0.4314612695806068,0.1419610243852668
3.308080808080808,0.9216559862427584,1.0221429671354478,0.44652519030876414,0.14208958269564329
3.3333333333333335,0.9197110814617523,1.0205525882643787,0.4610450425073487,0.14222222222222222
3.3585858585858586,0.917457427321657,1.0189132746588152,0.47501584255280616,0.14235894296500357
3.3838383838383836,0.9149009521503868,1.0172250263187572,0.4884326068215845,0.14249974492398734
3.409090909090909,0.9120475842758562,1.015487843244205,0.5012903516901304,0.14264462809917355
3.4343434343434343,0.9089032520259791,1.013701725435158,0.5135840935348899,0.1427935924905622
3.4595959595959593,0.9054738837286697,1.0118666728916168,0.5253088487323114,0.14294663809815322
3.484848484848485,0.901765407711842,1.009982685613581,0.5364596336588408,0.14310376492194674
3.51010101010101,0.8977837523034107,1.008049763601051,0.5470314646909245,0.14326497296194268
3.5353535353535355,0.8935348458312896,1.0060679068540264,0.5570193582050109,0.143430262218141
3.5606060606060606,0.889024616623393,1.0040371153725074,0.5664183305775459,0.14359963269054177
3.5858585858585856,0.8842589930076352,1.001957389156494,0.5752233981849755,0.143773084379145
3.611111111111111,0.8792439033119299,0.9998287282059862,0.5834295774037477,0.1439506172839506
3.6363636363636362,0.8739852758641921,0.9976511325209839,0.5910318846103095,0.14413223140495865
3.6616161616161618,0.8684890389923354,0.9954246021014871,0.5980253361811076,0.14431792674216917
3.686868686868687,0.8627611210242738,0.9931491369474961,0.6044049484925882,0.14450770329558207
3.712121212121212,0.8568074502879225,0.9908247370590103,0.6101657379211991,0.1447015610651974
3.7373737373737375,0.8506339551111943,0.9884514024360302,0.6153027208433866,0.1448995000510152
3.7626262626262625,0.8442465638220045,0.9860413667621797,0.6198109136355971,0.14510049994898477
3.7878787878787876,0.8376512047482667,0.9836680321391996,0.6236853326742784,0.14529843893480257
3.813131313131313,0.8308538062178953,0.9813436322507139,0.6269209943358769,0.14549229670441793
3.8383838383838382,0.8238602965588049,0.9790681670967228,0.6295129149968393,0.1456820732578308
3.8636363636363638,0.8166766040989086,0.9768416366772261,0.6314561110336134,0.14586776859504133
3.888888888888889,0.8093086571661215,0.9746640409922237,0.6327455988226447,0.1460493827160494
3.914141414141414,0.8017623840883575,0.972535380041716,0.633376394740381,0.14622691562085502
3.9393939393939394,0.7940437131935307,0.9704556538257025,0.6333435151632689,0.14640036730945824
3.9646464646464645,0.7861585728095557,0.9684248623441835,0.6326419764677547,0.146569737781859
3.9898989898989896,0.7781128912643465,0.966443005597159,0.6312667950302866,0.14673502703805733
4.015151515151515,0.769912596885817,0.9645100835846289,0.62921298722731,0.14689623507805327
4.040404040404041,0.7615636180018813,0.9626260963065931,0.6264755694352733,0.14705336190184679
4.065656565656566,0.7530718829404539,0.9607910437630519,0.6230495580306217,0.1472064075094378
4.090909090909091,0.7444433200294494,0.9590049259540051,0.6189299693898032,0.14735537190082645
4.116161616161616,0.7356838575967812,0.9572677428794527,0.6141118198892648,0.14750025507601264
4.141414141414141,0.7267994239703637,0.9555794945393947,0.6085901259054518,0.14764105703499644
4.166666666666667,0.7177959474781117,0.9539401809338313,0.6023599038148126,0.14777777777777776
4.191919191919192,0.7086793564479383,0.9523498020627621,0.5954161699937939,0.14791041730435672
4.217171717171717,0.6994555792077588,0.9508083579261875,0.5877539408188421,0.1480389756147332
4.242424242424242,0.6901305440854868,0.9493158485241073,0.5793682326664045,0.14816345270890724
4.267676767676767,0.6807101794090362,0.9478722738565214,0.5702540619129275,0.1482838485868789
4.292929292929293,0.6712004135063216,0.9464776339234302,0.5604064449348578,0.1484001632486481
4.318181818181818,0.6616071747052578,0.9451319287248332,0.5498203981086434,0.14851239669421487
4.343434343434343,0.6519363913337579,0.9438351582607307,0.5384909378107303,0.14862054892357926
4.3686868686868685,0.6421939917197363,0.9425873225311228,0.5264130804175648,0.14872461993674116
4.393939393939394,0.6323859041911079,0.9413884215360091,0.5135818423055953,0.14882460973370065
4.419191919191919,0.622518057075786,0.94023845527539,0.49999223985126706,0.1489205183144577
4.444444444444445,0.6125963787016853,0.9391374237492651,0.4856392894310275,0.14901234567901234
4.46969696969697,0.6026267973967198,0.9380853269576348,0.4705180074213242,0.14910009182736456
4.494949494949495,0.5926152414888043,0.9370821649004988,0.4546234101986033,0.14918375675951434
4.52020202020202,0.5825676393058519,0.9361279375778574,0.43795051413931185,0.1492633404754617
4.545454545454545,0.5724899191757773,0.9352226449897104,0.4204943356198969,0.1493388429752066
4.570707070707071,0.5623880094264949,0.9343662871360578,0.4022498910168055,0.14941026425874912
4.595959595959596,0.5522678383859188,0.9335588640168997,0.3832121967064832,0.14947760432608917
4.621212121212121,0.542135334381963,0.9328003756322361,0.36337626906537857,0.1495408631772268
4.646464646464646,0.5319964257425418,0.9320908219820667,0.3427371244699371,0.14960004081216202
4.671717171717171,0.5218570407955695,0.9314302030663919,0.32128977929660696,0.1496551372308948
4.696969696969697,0.5117231078689598,0.9308185188852114,0.29902924992183255,0.14970615243342517
4.722222222222222,0.5016005552906275,0.9302557694385254,0.27595055272206404,0.14975308641975307
4.747474747474747,0.4914953113884868,0.9297419547263339,0.2520487040737469,0.1497959391898786
4.7727272727272725,0.4814133044904516,0.9292770747486367,0.22731872035332779,0.14983471074380164
4.797979797979798,0.4713604629244361,0.9288611295054341,0.20175561793725327,0.1498694010815223
4.8232323232323235,0.4613427150183542,0.928494118996726,0.17535441320196998,0.14990001020304053
4.848484848484849,0.4513659891001206,0.928176043222512,0.14811012252392675,0.1499265381083563
4.873737373737374,0.4414362134976495,0.9279069021827926,0.12001776227956817,0.14994898479746965
4.898989898989899,0.4315593165388548,0.9276866958775677,0.09107234884534221,0.14996735027038058
4.924242424242424,0.4217412265516507,0.9275154243068371,0.06126889859769591,0.14998163452708907
4.94949494949495,0.411987871863951,0.9273930874706011,0.03060242791307277,0.14999183756759515
4.974747474747475,0.40230518080367106,0.9273196853688594,-0.0009320468320750397,0.1499979593918988
5.0,0.39269908169872414,0.9272952180016122,-0.033339509261302025,0.15
5.025252525252525,0.3831742646191497,0.9272952180016122,-0.06661949598126737,0.15
5.05050505050505,0.37373046660348724,0.9272952180016122,-0.10074975553104593,0.15
5.075757575757575,0.3643661864324011,0.9272952180016122,-0.13570258943281677,0.15
5.101010101010101,0.3550799228865556,0.9272952180016122,-0.17145029920876187,0.15
5.126262626262626,0.34587017474661574,0.9272952180016122,-0.20796518638105765,0.15
5.151515151515151,0.3367354407932457,0.9272952180016122,-0.24521955247188565,0.15
5.1767676767676765,0.32767421980711003,0.9272952180016122,-0.2831856990034247,0.15
5.2020202020202015,0.31868501056887316,0.9272952180016122,-0.3218359274978555,0.15
5.2272727272727275,0.30976631185919934,0.9272952180016122,-0.36114253947735864,0.15
5.252525252525253,0.3009166224587536,0.9272952180016122,-0.40107783646411144,0.15
5.277777777777778,0.29213444114820014,0.9272952180016122,-0.44161411998029454,0.15
5.303030303030303,0.28341826670820336,0.9272952180016122,-0.4827236915480879,0.15
5.328282828282828,0.274766597919428,0.9272952180016122,-0.5243788526896711,0.15
5.353535353535354,0.2661779335625378,0.9272952180016122,-0.5665519049272258,0.15
5.378787878787879,0.25765077241819834,0.9272952180016122,-0.6092151497829282,0.15
5.404040404040404,0.2491836132670735,0.9272952180016122,-0.65234088877896,0.15
5.429292929292929,0.2407749548898278,0.9272952180016122,-0.6959014234375006,0.15
5.454545454545454,0.23242329606712583,0.9272952180016122,-0.7398690552807298,0.15
5.47979797979798,0.22412713557963168,0.9272952180016122,-0.7842160858308289,0.15
5.505050505050505,0.21588497220801048,0.9272952180016122,-0.8289148166099745,0.15
5.53030303030303,0.2076953047329264,0.9272952180016122,-0.8739375491403478,0.15
5.555555555555555,0.19955663193504392,0.9272952180016122,-0.9192565849441287,0.15
5.58080808080808,0.1914674525950275,0.9272952180016122,-0.9648442255434967,0.15
5.6060606060606055,0.18342626549354168,0.9272952180016122,-1.010672772460632,0.15
5.6313131313131315,0.17543156941125065,0.9272952180016122,-1.0567145272177152,0.15
5.656565656565657,0.16748186312881944,0.9272952180016122,-1.1029417913369233,0.15
5.681818181818182,0.15957564542691224,0.9272952180016122,-1.1493268663404375,0.15
5.707070707070707,0.15171141508619354,0.9272952180016122,-1.1958420537504377,0.15
5.732323232323232,0.14388767088732785,0.9272952180016122,-1.2424596550891034,0.15
5.757575757575758,0.13610291161097932,0.9272952180016122,-1.289151971878616,0.15
5.782828282828283,0.12835563603781308,0.9272952180016122,-1.335891305641152,0.15
5.808080808080808,0.1206443429484933,0.9272952180016122,-1.382649957898893,0.15
5.833333333333333,0.11296753112368442,0.9272952180016122,-1.4294002301740183,0.15
5.858585858585858,0.105323699344051,0.9272952180016122,-1.4761144239887078,0.15
5.883838383838384,0.09771134639025719,0.9272952180016122,-1.5227648408651429,0.15
5.909090909090909,0.09012897104296803,0.9272952180016122,-1.5693237823254997,0.15
5.934343434343434,0.08257507208284774,0.9272952180016122,-1.6157635498919605,0.15
5.959595959595959,0.07504814829056076,0.9272952180016122,-1.662056445086704,0.15
5.984848484848484,0.06754669844677169,0.9272952180016122,-1.7081747694319105,0.15
6.01010101010101,0.060069221332144665,0.9272952180016122,-1.7540908244497608,0.15
6.0353535353535355,0.05261421572734472,0.9272952180016122,-1.7997769116624323,0.15
6.0606060606060606,0.04518018041303606,0.9272952180016122,-1.8452053325921054,0.15
6.085858585858586,0.03776561416988318,0.9272952180016122,-1.8903483887609607,0.15
6.111111111111111,0.030369015778550567,0.9272952180016122,-1.935178381691177,0.15
6.136363636363637,0.022988884019702453,0.9272952180016122,-1.9796676129049362,0.15
6.161616161616162,0.015623717674003758,0.9272952180016122,-2.0237883839244146,0.15
6.186868686868687,0.008272015522118838,0.9272952180016122,-2.067512996271794,0.15
6.212121212121212,0.0009322763447121192,0.9272952180016122,-2.1108137514692533,0.15
6.237373737373737,-0.006397001077551916,0.9272952180016122,-2.1536629510389735,0.15
6.262626262626262,-0.013717317964008768,0.9272952180016122,-2.1960328965031324,0.15
6.287878787878788,-0.021030175533994236,0.9272952180016122,-2.237895889383913,0.15
6.313131313131313,-0.028337075006843293,0.9272952180016122,-2.279224231203491,0.15
6.338383838383838,-0.03563951760189178,0.9272952180016122,-2.319990223484049,0.15
6.363636363636363,-0.04293900453847507,0.9272952180016122,-2.3601661677477646,0.15
6.388888888888888,-0.050237037035928876,0.9272952180016122,-2.399724365516819,0.15
6.414141414141414,-0.057535116313588736,0.9272952180016122,-2.438637118313393,0.15
6.4393939393939394,-0.06483474359078986,0.9272952180016122,-2.4768767276596635,0.15
6.4646464646464645,-0.072137420086868,0.9272952180016122,-2.5144154950778113,0.15
6.48989898989899,-0.07944464702115847,0.9272952180016122,-2.5512257220900167,0.15
6.515151515151515,-0.08675792561299703,0.9272952180016122,-2.5872797102184593,0.15
6.540404040404041,-0.09407875708171924,0.9272952180016122,-2.6225497609853194,0.15
6.565656565656566,-0.10140864264666033,0.9272952180016122,-2.6570081759127753,0.15
6.590909090909091,-0.1087490835271558,0.9272952180016122,-2.690627256523007,0.15
6.616161616161616,-0.11610158094254146,0.9272952180016122,-2.723379304338194,0.15
6.641414141414141,-0.12346763611215256,0.9272952180016122,-2.755236620880518,0.15
6.666666666666667,-0.1308487502553251,0.9272952180016122,-2.786171507672159,0.15
6.691919191919192,-0.13824642459139402,0.9272952180016122,-2.816156266235293,0.15
6.717171717171717,-0.1456621603396949,0.9272952180016122,-2.845163198092102,0.15
6.742424242424242,-0.15309745871956354,0.9272952180016122,-2.8731646047647654,0.15
6.767676767676767,-0.16055382095033516,0.9272952180016122,-2.900132787775463,0.15
6.792929292929292,-0.1680327482513456,0.9272952180016122,-2.926040048646375,0.15
6.818181818181818,-0.17553574184193033,0.9272952180016122,-2.9508586888996815,0.15
6.843434343434343,-0.18306430294142462,0.9272952180016122,-2.9745610100575606,0.15
6.8686868686868685,-0.19061993276916395,0.9272952180016122,-2.9971193136421928,0.15
6.893939393939394,-0.19820413254448416,0.9272952180016122,-3.0185059011757582,0.15
6.919191919191919,-0.20581840348672056,0.9272952180016122,-3.038693074180436,0.15
6.944444444444445,-0.2134642468152089,0.9272952180016122,-3.0576531341784077,0.15
6.96969696969697,-0.2211431637492843,0.9272952180016122,-3.075358382691849,0.15
6.994949494949495,-0.22885665550828244,0.9272952180016122,-3.0917811212429442,0.15
7.02020202020202,-0.2366062233115389,0.9272952180016122,-3.10689365135387,0.15
7.045454545454545,-0.2443933683783891,0.9272952180016122,-3.1206682745468073,0.15
7.070707070707071,-0.252219591928169,0.9272952180016122,-3.133077292343935,0.15
7.095959595959596,-0.26008639518021354,0.9272952180016122,-3.144093006267434,0.15
7.121212121212121,-0.26799527935385825,0.9272952180016122,-3.1536877178394835,0.15
7.146464646464646,-0.27594774566843894,0.9272952180016122,-3.161833728582263,0.15
7.171717171717171,-0.28394529534329094,0.9272952180016122,-3.168503340017953,0.15
7.196969696969697,-0.2919894295977502,0.9272952180016122,-3.173668853668732,0.15
7.222222222222222,-0.30008164965115147,0.9272952180016122,-3.17730257105678,0.15
7.247474747474747,-0.3082234567228308,0.9272952180016122,-3.179376793704278,0.15
7.2727272727272725,-0.3164163520321236,0.9272952180016122,-3.1798638231334038,0.15
7.297979797979798,-0.3246618367983653,0.9272952180016122,-3.178735960866338,0.15
7.3232323232323235,-0.3329614122408918,0.9272952180016122,-3.1759655084252607,0.15
7.348484848484849,-0.34131657957903794,0.9272952180016122,-3.171524767332352,0.15
7.373737373737374,-0.34972884003213967,0.9272952180016122,-3.165386039109791,0.15
7.398989898989899,-0.3581996948195323,0.9272952180016122,-3.1575216252797573,0.15
7.424242424242424,-0.36673064516055165,0.9272952180016122,-3.1479038273644306,0.15
7.449494949494949,-0.3753231922745329,0.9272952180016122,-3.1365049468859914,0.15
7.474747474747475,-0.3839788373808122,0.9272952180016122,-3.1232972853666174,0.15
7.5,-0.39269908169872414,0.9272952180016194,-3.108253144328491,0.15
7.525252525252525,-0.4014843540468235,0.9270657126903554,-3.0913565671831456,0.14998775635139266
7.55050505050505,-0.41033079364053965,0.9263771967565599,-3.0726385648995365,0.14995102540557084
7.575757575757575,-0.41923346729452066,0.9252296702002365,-3.0521418903359745,0.14988980716253436
7.601010101010101,-0.4281874418234152,0.9236231330213922,-3.0299092963507697,0.14980410162228353
7.626262626262626,-0.43718778404187064,0.9215575852200093,-3.0059835358022333,0.14969390878481817
7.651515151515151,-0.4462295607645354,0.9190330267960984,-2.9804073615486764,0.1495592286501379
7.6767676767676765,-0.45530783880605785,0.9160494577496632,-2.953223526448409,0.14940006121824312
7.7020202020202015,-0.46441768498108604,0.9126068780806893,-2.9244747833597406,0.14921640648913395
7.7272727272727275,-0.4735541661042685,0.9087052877891981,-2.894203885140982,0.14900826446281001
7.752525252525253,-0.4827123489902527,0.9043446868751719,-2.862453584650445,0.14877563513927158
7.777777777777778,-0.4918873004536871,0.8995250753386177,-2.8292666347464395,0.1485185185185186
7.803030303030303,-0.50107408730922,0.8942464531795391,-2.794685788287276,0.14823691460055102
7.828282828282828,-0.5102677763714994,0.888508820397929,-2.7587537981312655,0.14793082338536892
7.853535353535354,-0.5194634344551738,0.8823121769937874,-2.721513417136716,0.14760024487297216
7.878787878787879,-0.5286561283748911,0.8756565229671143,-2.6830073981619424,0.1472451790633609
7.904040404040404,-0.5378409249452991,0.8685418583179203,-2.6432784940652523,0.146865625956535
7.929292929292929,-0.5470128909810466,0.8609681830461913,-2.602369457704957,0.14646158555249486
7.954545454545454,-0.5561670932967814,0.8529354971519343,-2.5603230419393674,0.14603305785123993
7.979797979797979,-0.5652985987071517,0.8444438006351493,-2.5171819996267932,0.14558004285277037
8.005050505050505,-0.5744024740268061,0.8354930934958329,-2.472989083625544,0.14510254055708616
8.03030303030303,-0.5834737860703917,0.8260833757339885,-2.4277870467939344,0.14460055096418728
8.055555555555555,-0.5925076016525581,0.8162146473496197,-2.3816186419902694,0.1440740740740742
8.080808080808081,-0.6014989875879526,0.8058869083427194,-2.334526622072862,0.14352310988674633
8.106060606060606,-0.610443010691223,0.7951001587132911,-2.2865537399000266,0.14294765840220378
8.131313131313131,-0.6193347377770184,0.7838543984613349,-2.2377427483300667,0.14234771962044704
8.156565656565656,-0.628169235659986,0.7721496275868436,-2.1881364002212997,0.14172329354147523
8.181818181818182,-0.636941571154775,0.7599858460898243,-2.1377774484320295,0.14107438016528903
8.207070707070708,-0.6456468110760333,0.7473630539702842,-2.08670864582057,0.14040097949188862
8.232323232323232,-0.6542800222384079,0.7342812512282091,-2.034972745245235,0.13970309152127355
8.257575757575758,-0.6628362714565487,0.7207404378636095,-1.9826124995643286,0.13898071625344385
8.282828282828282,-0.6713106255451022,0.7067406138764714,-1.9296706616361678,0.1382338536883995
8.308080808080808,-0.6796981513187181,0.6922817792668088,-1.8761899843190561,0.1374625038261405
8.333333333333334,-0.6879939155920439,0.6773639340346183,-1.822213220471308,0.13666666666666685
8.358585858585858,-0.6961929851797272,0.6619870781799033,-1.7677831229512373,0.13584634220997885
8.383838383838384,-0.7042904268964172,0.6461512117026569,-1.7129424446171475,0.13500153045607619
8.409090909090908,-0.7122813075567611,0.6298563346028825,-1.6577339383273562,0.13413223140495886
8.434343434343434,-0.7201606939754079,0.6131024468805659,-1.6022003569401664,0.1332384450566269
8.45959595959596,-0.7279236529670056,0.5958895485357356,-1.546384453313893,0.1323201714110806
8.484848484848484,-0.7355652513462013,0.5782176395683738,-1.4903289803068498,0.13137741046831963
8.51010101010101,-0.7430805559276448,0.5600867199784805,-1.4340766907773403,0.130410162228344
8.535353535353535,-0.7504646335259829,0.5414967897660627,-1.377670337583682,0.12941842669115403
8.56060606060606,-0.7577125509558649,0.5224478489311135,-1.321152673584178,0.1284022038567497
8.585858585858587,-0.7648193750319383,0.5029398974736363,-1.264566451637143,0.1273614937251304
8.61111111111111,-0.7717801725688508,0.4829729353936205,-1.2079544246008913,0.12629629629629646
8.636363636363637,-0.7785900103812518,0.46254696269108386,-1.151359345333725,0.1252066115702479
8.66161616161616,-0.7852439552837883,0.4416619793660228,-1.0948239666939634,0.12409243954698525
8.686868686868687,-0.7917370740911095,0.4203179854184267,-1.0383910415399085,0.12295378022650766
8.712121212121213,-0.7980644336178628,0.3985149808483026,-0.9821033227298754,0.12179063360881572
8.737373737373737,-0.8042211006786963,0.37625296565564703,-0.9260035631221779,0.12060299969390882
8.762626262626263,-0.8102021420882589,0.3536466924960844,-0.8701345155751196,0.11939700030609117
8.787878787878787,-0.8160026246611979,0.3313846773034288,-0.8145389329470175,0.11820936639118429
8.813131313131313,-0.8216176152121624,0.3095816727333047,-0.7592595680961758,0.11704621977349233
8.838383838383837,-0.8270421805557995,0.2882376787857086,-0.7043391738809115,0.11590756045301476
8.863636363636363,-0.8322713875067583,0.26735269546064755,-0.6498205031595281,0.1147933884297521
8.88888888888889,-0.8373003028796866,0.2469267227581109,-0.5957463087903405,0.11370370370370353
8.914141414141413,-0.8421239934892323,0.2269597606780951,-0.5421593436316627,0.1126385062748696
8.93939393939394,-0.8467375261500439,0.2074518092206179,-0.48910236054179634,0.11159779614325033
8.964646464646464,-0.8511359676767694,0.18840286838567222,-0.43661811237906156,0.11058157330884626
8.98989898989899,-0.8553143848840572,0.16981293817325094,-0.38474935200175975,0.109589837771656
9.015151515151516,-0.8592678445865554,0.15168201858335761,-0.33353883226820646,0.10862258953168037
9.04040404040404,-0.8629914135989118,0.1340101096159958,-0.28302930603671506,0.1076798285889194
9.065656565656566,-0.866480158735775,0.11679721127116549,-0.2332635261655891,0.10676155494337308
9.09090909090909,-0.8697291468117929,0.10004332354885248,-0.1842842455131466,0.10586776859504113
9.116161616161616,-0.872733444641614,0.08374844644907453,-0.13613421693769046,0.10499846954392382
9.141414141414142,-0.875488119039886,0.06791257997182809,-0.08885619329753469,0.10415365779002116
9.166666666666666,-0.8779882368212573,0.05253572411711316,-0.042492927450993534,0.10333333333333314
9.191919191919192,-0.880228864800376,0.03761787888492263,0.0029128277436285543,0.10253749617385949
9.217171717171716,-0.8822050697918903,0.023159044275256502,0.04731831942801623,0.1017661463116005
9.242424242424242,-0.8839119186104485,0.009159220288121883,0.09068079474386259,0.10101928374655614
9.267676767676768,-0.8853444780706987,-0.0043815930764776745,0.13295750083285718,0.10029690847872644
9.292929292929292,-0.8864978149872889,-0.01746339581855283,0.1741056848366842,0.09959902050811138
9.318181818181818,-0.8873669961748674,-0.030086187938092923,0.21408259389703943,0.09892561983471097
9.343434343434343,-0.8879470884480822,-0.04224996943511217,0.25284547515560796,0.09827670645852478
9.368686868686869,-0.8882331586215819,-0.053954740309603455,0.2903515757540829,0.09765228037955297
9.393939393939394,-0.8882202735100144,-0.06520050056155968,0.32655814283415197,0.09705234159779622
9.419191919191919,-0.8879034999280275,-0.07598725019098795,0.36142242353750165,0.0964768901132537
9.444444444444445,-0.8872779046902698,-0.08631498919788827,0.39490166500582635,0.0959259259259258
9.469696969696969,-0.8863385546113893,-0.09618371758225708,0.42695311438081207,0.09539944903581273
9.494949494949495,-0.8850805165060345,-0.10559343534410148,0.4575340188041497,0.09489745944291386
9.52020202020202,-0.8834988571888531,-0.11454414248341438,0.48660162541753094,0.09441995714722964
9.545454545454545,-0.8815886434744935,-0.12303583900020643,0.5141131813626405,0.09396694214876007
9.570707070707071,-0.8793449421776038,-0.13106852489445986,0.540025933781171,0.09353841444750514
9.595959595959595,-0.8767628201128324,-0.13864220016618534,0.5642971298148103,0.09313437404346502
9.621212121212121,-0.873837344094827,-0.14575686481538286,0.58688401660525,0.0927548209366391
9.646464646464647,-0.8705635809382358,-0.15241251884205242,0.6077438412941767,0.09239975512702785
9.671717171717171,-0.8669365974577077,-0.1586091622461976,0.6268338510232834,0.09206917661463108
9.696969696969697,-0.86295146046789,-0.1643467950278077,0.6441112929342561,0.09176308539944898
9.722222222222221,-0.8586032367834314,-0.16962541718688984,0.6595334141687843,0.09148148148148139
9.747474747474747,-0.8538869932189799,-0.17444502872344048,0.6730574618685621,0.09122436486072844
9.772727272727273,-0.8487977965891829,-0.1788056296374667,0.6846406831752736,0.09099173553718998
9.797979797979798,-0.8433307137086904,-0.1827072199289579,0.6942403252306111,0.09078359351086604
9.823232323232324,-0.8374808113921486,-0.18614979959793176,0.7018136351762632,0.09059993878175689
9.848484848484848,-0.831243156454207,-0.18913336864436703,0.7073178601539194,0.0904407713498621
9.873737373737374,-0.8246128157095134,-0.1916579270682779,0.7107102473052702,0.09030609121518182
9.8989898989899,-0.8175848559727151,-0.19372347486965724,0.7119480437720025,0.09019589837771648
9.924242424242424,-0.8101543440584621,-0.1953300120485051,0.7109884966958084,0.09011019283746563
9.94949494949495,-0.8023163467814007,-0.19647753860482853,0.7077888532183776,0.09004897459442915
9.974747474747474,-0.7940659309561803,-0.197166054538624,0.7023063604813959,0.09001224364860733
10.0,-0.7853981633974483,-0.197395559849888,0.6944982656265561,0.09
10.025252525252524,-0.776310352825783,-0.19739555984988066,0.6843371501476665,0.09
10.05050505050505,-0.7668087755854779,-0.19739555984988066,0.671856932947009,0.09
10.075757575757576,-0.7569019499267573,-0.19739555984988066,0.6571068672789875,0.09
10.1010101010101,-0.746598394099846,-0.19739555984988066,0.6401362063980076,0.09
10.126262626262626,-0.7359066263549665,-0.19739555984988066,0.6209942035584683,0.09
10.15151515151515,-0.7248351649423441,-0.19739555984988066,0.5997301120147762,0.09
10.176767676767676,-0.7133925281122014,-0.19739555984988066,0.5763931850213302,0.09
10.202020202020202,-0.7015872341147628,-0.19739555984988066,0.5510326758325368,0.09
10.227272727272727,-0.6894278012002529,-0.19739555984988066,0.5236978377027985,0.09
10.252525252525253,-0.6769227476188945,-0.19739555984988066,0.4944379238865171,0.09
10.277777777777777,-0.6640805916209127,-0.19739555984988066,0.46330218763809716,0.09
10.303030303030303,-0.6509098514565299,-0.19739555984988066,0.4303398822119391,0.09
10.328282828282829,-0.6374190453759707,-0.19739555984988066,0.39560026086244715,0.09
10.353535353535353,-0.6236166916294601,-0.19739555984988066,0.3591325768440272,0.09
10.378787878787879,-0.6095113084672199,-0.19739555984988066,0.32098608341107693,0.09
10.404040404040403,-0.5951114141394763,-0.19739555984988066,0.28121003381800547,0.09
10.429292929292929,-0.580425526896451,-0.19739555984988066,0.23985368131920914,0.09
10.454545454545455,-0.5654621649883689,-0.19739555984988066,0.19696627916909426,0.09
10.47979797979798,-0.5502298466654549,-0.19739555984988066,0.15259708062206712,0.09
10.505050505050505,-0.5347370901779308,-0.19739555984988066,0.10679533893252446,0.09
10.53030303030303,-0.5189924137760229,-0.19739555984988066,0.05961030735487527,0.09
10.555555555555555,-0.5030043357099526,-0.19739555984988066,0.011091239143516729,0.09
10.580808080808081,-0.4867813742299451,-0.19739555984988066,-0.03871261244714552,0.09
10.606060606060606,-0.47033204758622543,-0.19739555984988066,-0.08975199416270496,0.09
10.631313131313131,-0.4536648740290149,-0.19739555984988066,-0.14197765274876528,0.09
10.656565656565656,-0.43678837180854013,-0.19739555984988066,-0.19534033495091596,0.09
10.681818181818182,-0.41971105917502255,-0.19739555984988066,-0.24979078751476247,0.09
10.707070707070708,-0.4024414543786871,-0.19739555984988066,-0.30527975718589717,0.09
10.732323232323232,-0.3849880756697591,-0.19739555984988066,-0.36175799070991355,0.09
10.757575757575758,-0.36735944129845993,-0.19739555984988066,-0.4191762348324162,0.09
10.782828282828282,-0.349564069515016,-0.19739555984988066,-0.4774852362989943,0.09
10.808080808080808,-0.3316104785696485,-0.19739555984988066,-0.5366357418552528,0.09
10.833333333333334,-0.3135071867125828,-0.19739555984988066,-0.596578498246785,0.09
10.858585858585858,-0.2952627121940441,-0.19739555984988066,-0.6572642522191836,0.09
10.883838383838384,-0.27688557326425367,-0.19739555984988066,-0.7186437505180532,0.09
10.909090909090908,-0.25838428817343795,-0.19739555984988066,-0.7806677398889835,0.09
10.934343434343434,-0.23976737517181834,-0.19739555984988066,-0.8432869670775791,0.09
10.95959595959596,-0.22104335250961998,-0.19739555984988066,-0.9064521788294331,0.09
10.984848484848484,-0.2022207384370681,-0.19739555984988066,-0.9701141218901386,0.09
11.01010101010101,-0.18330805120438395,-0.19739555984988066,-1.0342235430053004,0.09
11.035353535353535,-0.1643138090617941,-0.19739555984988066,-1.0987311889205071,0.09
11.06060606060606,-0.14524653025951978,-0.19739555984988066,-1.163587806381365,0.09
11.085858585858587,-0.12611473304778625,-0.19739555984988066,-1.2287441421334666,0.09
11.11111111111111,-0.10692693567681878,-0.19739555984988066,-1.2941509429224032,0.09
11.136363636363637,-0.08769165639683854,-0.19739555984988066,-1.3597589554937826,0.09
11.16161616161616,-0.06841741345807206,-0.19739555984988066,-1.4255189265931913,0.09
11.186868686868687,-0.04911272511074066,-0.19739555984988066,-1.4913816029662361,0.09
11.212121212121211,-0.029786109605070943,-0.19739555984988066,-1.5572977313585041,0.09
11.237373737373737,-0.01044608519128401,-0.19739555984988066,-1.6232180585156026,0.09
11.262626262626263,0.00889882988039481,-0.19739555984988066,-1.6890933311831238,0.09
11.287878787878787,0.028240117359740274,-0.19739555984988066,-1.754874296106659,0.09
11.313131313131313,0.047569258996531166,-0.19739555984988066,-1.8205117000318156,0.09
11.338383838383837,0.06687773654054088,-0.19739555984988066,-1.8859562897041806,0.09
11.363636363636363,0.08615703174154832,-0.19739555984988066,-1.951158811869361,0.09
11.38888888888889,0.1053986263493282,-0.19739555984988066,-2.016070013272948,0.09
11.414141414141413,0.1245940021136551,-0.19739555984988066,-2.080640640660535,0.09
11.43939393939394,0.14373464078430803,-0.19739555984988066,-2.1448214407777284,0.09
11.464646464646464,0.16281202411106033,-0.19739555984988066,-2.2085631603701152,0.09
11.48989898989899,0.18181763384369065,-0.19739555984988066,-2.2718165461833015,0.09
11.515151515151516,0.20074295173197382,-0.19739555984988066,-2.3345323449628808,0.09
11.54040404040404,0.2195794595256847,-0.19739555984988066,-2.396661303454444,0.09
11.565656565656566,0.23831863897460204,-0.19739555984988066,-2.458154168403599,0.09
11.59090909090909,0.2569519718284991,-0.19739555984988066,-2.518961686555932,0.09
11.616161616161616,0.275470939837155,-0.19739555984988066,-2.5790346046570494,0.09
11.641414141414142,0.2938670247503441,-0.19739555984988066,-2.638323669452545,0.09
11.666666666666666,0.31213170831784137,-0.19739555984988066,-2.696779627688011,0.09
11.691919191919192,0.3302564722894255,-0.19739555984988066,-2.754353226109051,0.09
11.717171717171716,0.34823279841487004,-0.19739555984988066,-2.810995211461257,0.09
11.742424242424242,0.36605216844395355,-0.19739555984988066,-2.86665633049023,0.09
11.767676767676768,0.383706064126451,-0.19739555984988066,-2.921287329941567,0.09
11.792929292929292,0.40118596721213695,-0.19739555984988066,-2.9748389565608595,0.09
11.818181818181818,0.4184833594507904,-0.19739555984988066,-3.0272619570937107,0.09
11.843434343434343,0.43558972259218476,-0.19739555984988066,-3.0785070782857122,0.09
11.868686868686869,0.4524965383860985,-0.19739555984988066,-3.128525066882468,0.09
11.893939393939394,0.46919528858230664,-0.19739555984988066,-3.17726666962957,0.09
11.919191919191919,0.4856774549305841,-0.19739555984988066,-3.2246826332726135,0.09
11.944444444444445,0.5019345191807093,-0.19739555984988066,-3.270723704557201,0.09
11.969696969696969,0.5179579630824558,-0.19739555984988066,-3.3153406302289237,0.09
11.994949494949495,0.5337392683856023,-0.19739555984988066,-3.3584841570333843,0.09
12.02020202020202,0.5492699168399235,-0.19739555984988066,-3.400105031716178,0.09
12.045454545454545,0.5645413901951948,-0.19739555984988066,-3.440154001022897,0.09
12.070707070707071,0.5795451702011942,-0.19739555984988066,-3.4785818116991463,0.09
12.095959595959595,0.5942727386076955,-0.19739555984988066,-3.5153392104905157,0.09
12.121212121212121,0.6087155771644771,-0.19739555984988066,-3.5503769441426067,0.09
12.146464646464647,0.6228651676213137,-0.19739555984988066,-3.5836457594010165,0.09
12.171717171717171,0.6367129917279813,-0.19739555984988066,-3.6150964030113384,0.09
12.196969696969697,0.6502505312342571,-0.19739555984988066,-3.644679621719172,0.09
12.222222222222221,0.6634692678899156,-0.19739555984988066,-3.6723461622701112,0.09
12.247474747474747,0.6763606834447347,-0.19739555984988066,-3.69804677140976,0.09
12.272727272727273,0.6889162596484895,-0.19739555984988066,-3.7217321958837077,0.09
12.297979797979798,0.7011274782509558,-0.19739555984988066,-3.7433531824375565,0.09
12.323232323232324,0.7129858210019104,-0.19739555984988066,-3.762860477816899,0.09
12.348484848484848,0.7244827696511287,-0.19739555984988066,-3.7802048287673378,0.09
12.373737373737374,0.7356098059483878,-0.19739555984988066,-3.795336982034465,0.09
12.398989898989898,0.7463584116434623,-0.19739555984988066,-3.808207684363879,0.09
12.424242424242424,0.7567200684861302,-0.19739555984988066,-3.8187676825011785,0.09
12.44949494949495,0.7666862582261667,-0.19739555984988066,-3.8269677231919577,0.09
12.474747474747474,0.7762484626133468,-0.19739555984988066,-3.832758553181816,0.09
12.5,0.7853981633974483,-0.19739555984988044,-3.8360909192163493,0.09
12.525252525252524,0.7941290714759374,-0.1973889795249273,-3.8369317361063517,0.08999795939189874
12.55050505050505,0.8024438143370476,-0.19736923855006583,-3.8353125909234076,0.08999183756759514
12.575757575757576,0.8103472486167028,-0.19733633692529828,-3.831281238804296,0.08998163452708902
12.6010101010101,0.817844230950826,-0.1972902746506222,-3.8248854348858004,0.08996735027038057
12.626262626262626,0.8249396179753424,-0.19723105172604027,-3.8161729343047,0.08994898479746966
12.65151515151515,0.831638266326175,-0.1971586681515498,-3.805191492197776,0.08992653810835627
12.676767676767676,0.8379450326392485,-0.19707312392715304,-3.7919888637018095,0.08990001020304049
12.702020202020202,0.8438647735504864,-0.1969744190528484,-3.7766128039535807,0.08986940108152233
12.727272727272727,0.8494023456958126,-0.19686255352863657,-3.7591110680898714,0.08983471074380162
12.752525252525253,0.8545626057111515,-0.19673752735451755,-3.739531411247461,0.08979593918987852
12.777777777777777,0.8593504102324265,-0.196599340530492,-3.717921588563133,0.0897530864197531
12.803030303030303,0.8637706158955623,-0.1964479930565588,-3.6943293551736645,0.08970615243342522
12.828282828282829,0.8678280793364822,-0.19628348493271752,-3.668802466215839,0.08965513723089473
12.853535353535353,0.8715276571911104,-0.19610581615896994,-3.6413886768264385,0.08960004081216198
12.878787878787879,0.874874206095371,-0.19591498673531427,-3.6121357421422404,0.08954086317722677
12.904040404040403,0.8778725826851875,-0.19571099666175162,-3.581091417300029,0.08947760432608916
12.929292929292929,0.8805276435964845,-0.19549384593828223,-3.548303457436581,0.0894102642587491
12.954545454545455,0.8828442454651856,-0.19526353456490497,-3.51381961768868,0.08933884297520663
12.97979797979798,0.8848272449272147,-0.19502006254162096,-3.477687653193109,0.08926334047546171
13.005050505050505,0.886481498618496,-0.19476342986842998,-3.4399553190866436,0.08918375675951432
13.03030303030303,0.8878118631749531,-0.19449363654533092,-3.4006703705060715,0.0891000918273646
13.055555555555555,0.8888231952325103,-0.1942106825723251,-3.359880562588166,0.08901234567901234
13.080808080808081,0.8895203514270917,-0.19391456794941164,-3.317633650469711,0.0889205183144577
13.106060606060606,0.8899081883946208,-0.1936052926765912,-3.2739773892874915,0.08882460973370065
13.131313131313131,0.8899915627710219,-0.19328285675386314,-3.228959534178281,0.08872461993674115
13.156565656565656,0.8897753311922187,-0.19294726018122788,-3.182627840278868,0.08862054892357918
13.181818181818182,0.8892643502941352,-0.19259850295868564,-3.1350300627260257,0.08851239669421489
13.207070707070708,0.8884634767126958,-0.19223658508623664,-3.086213956656539,0.08840016324864805
13.232323232323232,0.887377567083824,-0.19186150656387935,-3.036227277207192,0.0882838485868789
13.257575757575758,0.8860114780434439,-0.19147326739161596,-2.9851177795147583,0.08816345270890728
13.282828282828282,0.8843700662274795,-0.1910718675694436,-2.932933218716026,0.08803897561473313
13.308080808080808,0.8824581882718544,-0.19065730709736584,-2.8797213499477694,0.08791041730435666
13.333333333333334,0.8802807008124932,-0.19022958597537976,-2.8255299283467723,0.08777777777777772
13.358585858585858,0.8778424604853197,-0.18978870420348692,-2.7704067090498192,0.08764105703499644
13.383838383838384,0.8751483239262573,-0.18933466178168623,-2.714399447193684,0.08750025507601265
13.409090909090908,0.8722031477712304,-0.18886745870997879,-2.657555897915154,0.08735537190082646
13.434343434343434,0.8690117886561632,-0.18838709498836392,-2.599923816351004,0.08720640750943787
13.45959595959596,0.8655791032169792,-0.1878935706168423,-2.5415509576380177,0.08705336190184675
13.484848484848484,0.8619099480896029,-0.18738688559541195,-2.48248507691298,0.08689623507805322
13.51010101010101,0.8580091799099574,-0.18686703992407616,-2.4227739293126644,0.08673502703805731
13.535353535353535,0.8538816553139675,-0.18633403360283252,-2.3624652699738595,0.086569737781859
13.56060606060606,0.8495322309375568,-0.18578786663168123,-2.301606854033338,0.08640036730945823
13.585858585858585,0.8449657634166495,-0.1852285390106223,-2.240246436627888,0.086226915620855
13.61111111111111,0.8401871093871689,-0.18465605073965707,-2.178431772894283,0.08604938271604937
13.636363636363637,0.8352011254850396,-0.18407040181878354,-2.1162106179693083,0.08586776859504126
13.66161616161616,0.8300126683461856,-0.1834715922480037,-2.0536307269897485,0.08568207325783078
13.686868686868687,0.8246265946065305,-0.18285962202731598,-1.9907398550923765,0.0854922967044179
13.712121212121211,0.8190477609019987,-0.1822344911567222,-1.927585757413981,0.08529843893480255
13.737373737373737,0.8132810238685132,-0.1815961996362203,-1.8642161890913345,0.0851004999489848
13.762626262626263,0.807331240141999,-0.18094803762828704,-1.8006789052612227,0.0848995000510152
13.787878787878787,0.8012032663583801,-0.18030974610778516,-1.7370216610604299,0.08470156106519745
13.813131313131313,0.7949019591535796,-0.17968461523719137,-1.673292211625729,0.0845077032955821
13.838383838383837,0.7884321751635224,-0.17907264501650366,-1.6095383120939089,0.08431792674216922
13.863636363636363,0.7817987710241312,-0.17847383544572382,-1.5458077176017426,0.08413223140495873
13.88888888888889,0.7750066033713312,-0.17788818652485028,-1.4821481832860153,0.08395061728395063
13.914141414141413,0.7680605288410461,-0.17731569825388505,-1.4186074642835111,0.083773084379145
13.93939393939394,0.7609654040691993,-0.17675637063282612,-1.3552333157310024,0.08359963269054177
13.964646464646464,0.7537260856917158,-0.1762102036616755,-1.2920734927652797,0.08343026221814107
13.98989898989899,0.7463474303445181,-0.1756771973404312,-1.2291757505231145,0.08326497296194268
14.015151515151516,0.7388342946635311,-0.1751573516690954,-1.166587844141293,0.08310376492194678
14.04040404040404,0.7311915352846792,-0.17465066664766504,-1.104357528756599,0.08294663809815325
14.065656565656566,0.7234240088438852,-0.17415714227614343,-1.0425325595058048,0.08279359249056213
14.09090909090909,0.7155365719770743,-0.17367677855452812,-0.9811606915257005,0.08264462809917361
14.116161616161616,0.7075340813201689,-0.17320957548282112,-0.9202896799530587,0.08249974492398734
14.141414141414142,0.6994213935090943,-0.17275553306102043,-0.8599672799246636,0.08235894296500355
14.166666666666666,0.6912033651797744,-0.1723146512891276,-0.8002412465773006,0.08222222222222228
14.191919191919192,0.6828848529681323,-0.17188693016714152,-0.7411593350477426,0.08208958269564334
14.217171717171716,0.674470713510093,-0.17147236969506308,-0.6827693004727791,0.0819610243852668
14.242424242424242,0.6659658034415793,-0.1710709698728914,-0.6251188979891817,0.08183654729109271
14.267676767676768,0.6573749793985157,-0.170682730700628,-0.5682558827337356,0.0817161514131211
14.292929292929292,0.6487030980168271,-0.1703076521782707,-0.5122280098432257,0.08159983675135195
14.318181818181818,0.6399550159324361,-0.16994573430582172,-0.457083034454425,0.08148760330578511
14.343434343434343,0.6311355897812674,-0.16959697708327948,-0.40286871170412253,0.08137945107642082
14.368686868686869,0.6222496761992442,-0.1692613805106442,-0.34963279672909087,0.08127538006325885
14.393939393939394,0.6133021318222911,-0.16893894458791614,-0.2974230446661146,0.08117539026629934
14.419191919191919,0.6042978132863324,-0.1686296693150957,-0.24628721065197867,0.0810794816855423
14.444444444444445,0.5952415772272914,-0.16833355469218225,-0.19627304982345883,0.08098765432098766
14.469696969696969,0.5861382802810928,-0.16805060071917644,-0.14742831731733785,0.08089990817263541
14.494949494949495,0.5769927790836593,-0.16778080739607737,-0.09980076827039497,0.0808162432404857
14.52020202020202,0.5678099302709154,-0.1675241747228864,-0.05343815781941075,0.08073665952453829
14.545454545454545,0.5585945904787861,-0.16728070269960238,-0.008388241101170202,0.08066115702479337
14.570707070707071,0.5493516163431941,-0.16705039132622512,0.035301226747550984,0.0805897357412509
14.595959595959595,0.5400858645000641,-0.16683324060275573,0.07758249058996469,0.08052239567391084
14.621212121212121,0.5308021915853194,-0.16662925052919308,0.11840779528929968,0.08045913682277323
14.646464646464647,0.521505454234884,-0.16643842110553742,0.1577293857087696,0.08039995918783802
14.671717171717171,0.5122005090846831,-0.16626075233178983,0.19549950671159255,0.08034486276910528
14.696969696969697,0.5028922127706392,-0.16609624420794855,0.23167040316099197,0.08029384756657479
14.722222222222221,0.49358542192867727,-0.16594489673401536,0.2661943199201806,0.0802469135802469
14.747474747474747,0.48428499319471996,-0.1658067099099898,0.29902350185238546,0.08020406081012148
14.772727272727272,0.47499578320469305,-0.16568168373587078,0.3301101938208184,0.08016528925619838
14.797979797979798,0.4657226485945184,-0.16556981821165895,0.3594066406887064,0.08013059891847768
14.823232323232324,0.45647044600012177,-0.16547111333735431,0.3868650873192614,0.08009998979695951
14.848484848484848,0.4472440320574268,-0.16538556911295754,0.4124377785757023,0.08007346189164373
14.873737373737374,0.4380482634023567,-0.16531318553846708,0.43607695932125434,0.08005101520253036
14.898989898989898,0.4288879966708362,-0.16525396261388514,0.4577348744191312,0.08003264972961943
14.924242424242424,0.4197680884987883,-0.16520790033920907,0.47736376873255537,0.08001836547291098
14.94949494949495,0.4106933955221377,-0.16517499871444152,0.49491588712474677,0.08000816243240486
14.974747474747474,0.4016687743768085,-0.16515525773958006,0.5103434744589208,0.08000204060810127
15.0,0.39269908169872414,-0.1651486774146269,0.5235987755982987,0.08
15.025252525252524,0.383788165514218,-0.1651486774146267,0.5346476499158443,0.08
15.05050505050505,0.37493583941125636,-0.1651486774146267,0.5435104148235026,0.08
15.075757575757576,0.3661409083682156,-0.1651486774146267,0.5502210022429637,0.08
15.1010101010101,0.3574021773634726,-0.1651486774146267,0.5548133440959164,0.08
15.126262626262626,0.3487184513754018,-0.1651486774146267,0.557321372304052,0.08
15.15151515151515,0.34008853538238065,-0.1651486774146267,0.5577790187890601,0.08
15.176767676767676,0.33151123436278385,-0.1651486774146267,0.5562202154726301,0.08
15.202020202020202,0.32298535329498784,-0.1651486774146267,0.5526788942764522,0.08
15.227272727272727,0.3145096971573694,-0.1651486774146267,0.5471889871222166,0.08
15.252525252525253,0.30608307092830306,-0.1651486774146267,0.5397844259316118,0.08
15.277777777777777,0.29770427958616635,-0.1651486774146267,0.5304991426263306,0.08
15.303030303030303,0.28937212810933377,-0.1651486774146267,0.5193670691280601,0.08
15.328282828282829,0.281085421476182,-0.1651486774146267,0.5064221373584905,0.08
15.353535353535353,0.27284296466508756,-0.1651486774146267,0.49169827923931386,0.08
15.378787878787879,0.2646435626544253,-0.1651486774146267,0.4752294266922177,0.08
15.404040404040403,0.25648602042257235,-0.1651486774146267,0.45704951163889307,0.08
15.429292929292929,0.2483691429479035,-0.1651486774146267,0.43719246600102935,0.08
15.454545454545455,0.2402917352087953,-0.1651486774146267,0.4156922217003165,0.08
15.47979797979798,0.23225260218362437,-0.1651486774146267,0.3925827106584465,0.08
15.505050505050505,0.2242505488507655,-0.1651486774146267,0.3678978647971054,0.08
15.53030303030303,0.21628438018859578,-0.1651486774146267,0.34167161603798735,0.08
15.555555555555555,0.20835290117549013,-0.1651486774146267,0.31393789630277813,0.08
15.580808080808081,0.20045491678982505,-0.1651486774146267,0.28473063751316907,0.08
15.606060606060606,0.19258923200997702,-0.1651486774146267,0.2540837715908528,0.08
15.631313131313131,0.184754651814321,-0.1651486774146267,0.22203123045751516,0.08
15.656565656565656,0.176949981181234,-0.1651486774146267,0.1886069460348505,0.08
15.681818181818182,0.16917402508909093,-0.1651486774146267,0.1538448502445433,0.08
15.707070707070708,0.16142558851626831,-0.1651486774146267,0.11777887500828621,0.08
15.732323232323232,0.15370347644114274,-0.1651486774146267,0.08044295224777231,0.08
15.757575757575758,0.14600649384208897,-0.1651486774146267,0.04187101388468517,0.08
15.782828282828282,0.13833344569748413,-0.1651486774146267,0.0020969918407209853,0.08
15.808080808080808,0.13068313698570314,-0.1651486774146267,-0.038845181962436026,0.08
15.833333333333334,0.12305437268512251,-0.1651486774146267,-0.08092157560309343,0.08
15.858585858585858,0.1154459577741187,-0.1651486774146267,-0.12409825715955836,0.08
15.883838383838384,0.10785669723106667,-0.1651486774146267,-0.1683412947101468,0.08
15.909090909090908,0.10028539603434347,-0.1651486774146267,-0.21361675633316257,0.08
15.934343434343434,0.09273085916232397,-0.1651486774146267,-0.2598907101069219,0.08
15.959595959595958,0.08519189159338521,-0.1651486774146267,-0.30712922410972876,0.08
15.984848484848484,0.07766729830590216,-0.1651486774146267,-0.35529836641989965,0.08
16.01010101010101,0.07015588427825128,-0.1651486774146267,-0.40436420511574167,0.08
16.035353535353536,0.06265645448880863,-0.1651486774146267,-0.4542928082755646,0.08
16.06060606060606,0.055167813915951075,-0.1651486774146267,-0.5050502439776718,0.08
16.085858585858585,0.04768876753805265,-0.1651486774146267,-0.5566025803003871,0.08
16.11111111111111,0.040218120333490356,-0.1651486774146267,-0.6089158853220138,0.08
16.136363636363637,0.03275467728064009,-0.1651486774146267,-0.6619562271208617,0.08
16.161616161616163,0.025297243357877894,-0.1651486774146267,-0.7156896737752411,0.08
16.186868686868685,0.017844623543580785,-0.1651486774146267,-0.7700822933634549,0.08
16.21212121212121,0.010395622816122628,-0.1651486774146267,-0.8251001539638276,0.08
16.237373737373737,0.0029490461538804504,-0.1651486774146267,-0.8807093236546624,0.08
16.262626262626263,-0.0044963014647697586,-0.1651486774146267,-0.9368758705142687,0.08
16.28787878787879,-0.01194161506145202,-0.1651486774146267,-0.9935658626209567,0.08
16.31313131313131,-0.019388089657789296,-0.1651486774146267,-1.0507453680530294,0.08
16.338383838383837,-0.02683692027540775,-0.1651486774146267,-1.1083804548888114,0.08
16.363636363636363,-0.03428930193593032,-0.1651486774146267,-1.1664371912066067,0.08
16.38888888888889,-0.041746429660981035,-0.1651486774146267,-1.2248816450847233,0.08
16.414141414141415,-0.04920949847218391,-0.1651486774146267,-1.2836798846014728,0.08
16.439393939393938,-0.056679703391161906,-0.1651486774146267,-1.3427979778351564,0.08
16.464646464646464,-0.06415823943954113,-0.1651486774146267,-1.4022019928641007,0.08
16.48989898989899,-0.07164630163894471,-0.1651486774146267,-1.461857997766608,0.08
16.515151515151516,-0.07914508501099643,-0.1651486774146267,-1.521732060620988,0.08
16.54040404040404,-0.08665578457732054,-0.1651486774146267,-1.5817902495055514,0.08
16.565656565656564,-0.09417959535953982,-0.1651486774146267,-1.641998632498598,0.08
16.59090909090909,-0.10171771237928044,-0.1651486774146267,-1.702323277678457,0.08
16.616161616161616,-0.10927133065816552,-0.1651486774146267,-1.7627302531234295,0.08
16.641414141414142,-0.11684164521781885,-0.1651486774146267,-1.823185626911824,0.08
16.666666666666668,-0.1244298510798646,-0.1651486774146267,-1.8836554671219534,0.08
16.69191919191919,-0.1320371432659258,-0.1651486774146267,-1.944105841832116,0.08
16.717171717171716,-0.13966471679762837,-0.1651486774146267,-2.0045028191206424,0.08
16.742424242424242,-0.1473137666965954,-0.1651486774146267,-2.0648124670658303,0.08
16.767676767676768,-0.15498548798445103,-0.1651486774146267,-2.125000853745993,0.08
16.792929292929294,-0.16268107568281903,-0.1651486774146267,-2.18503404723944,0.08
16.818181818181817,-0.17040172481332252,-0.1651486774146267,-2.244878115624473,0.08
16.843434343434343,-0.17814863039758772,-0.1651486774146267,-2.304499126979417,0.08
16.86868686868687,-0.1859229874572374,-0.1651486774146267,-2.3638631493825755,0.08
16.893939393939394,-0.19372599101389576,-0.1651486774146267,-2.4229362509122576,0.08
16.91919191919192,-0.2015588360891866,-0.1651486774146267,-2.4816844996467746,0.08
16.944444444444443,-0.20942271770473303,-0.1651486774146267,-2.5400739636644274,0.08
16.96969696969697,-0.21731883088216128,-0.1651486774146267,-2.5980707110435435,0.08
16.994949494949495,-0.2252483706430941,-0.1651486774146267,-2.655640809862423,0.08
17.02020202020202,-0.23321253200915576,-0.1651486774146267,-2.712750328199379,0.08
17.045454545454547,-0.24121251000197003,-0.1651486774146267,-2.769365334132719,0.08
17.07070707070707,-0.24924949964315996,-0.1651486774146267,-2.825451895740745,0.08
17.095959595959595,-0.2573246959543518,-0.1651486774146267,-2.8809760811017826,0.08
17.12121212121212,-0.26543929395716837,-0.1651486774146267,-2.9359039582941375,0.08
17.146464646464647,-0.27359448867323377,-0.1651486774146267,-2.9902015953961167,0.08
17.171717171717173,-0.2817914751241721,-0.1651486774146267,-3.0438350604860314,0.08
17.196969696969695,-0.29003144833160605,-0.1651486774146267,-3.096770421642184,0.08
17.22222222222222,-0.298315603317162,-0.1651486774146267,-3.1489737469428984,0.08
17.247474747474747,-0.30664513510246294,-0.1651486774146267,-3.2004111044664794,0.08
17.272727272727273,-0.3150212387091328,-0.1651486774146267,-3.251048562291235,0.08
17.2979797979798,-0.3234451091587956,-0.1651486774146267,-3.300852188495477,0.08
17.32323232323232,-0.3319179414730742,-0.1651486774146267,-3.3497880511575087,0.08
17.348484848484848,-0.3404409306735948,-0.1651486774146267,-3.3978222183556506,0.08
17.373737373737374,-0.34901527178198066,-0.1651486774146267,-3.4449207581682098,0.08
17.3989898989899,-0.3576421598198554,-0.1651486774146267,-3.491049738673494,0.08
17.424242424242426,-0.3663227898088433,-0.1651486774146267,-3.5361752279498155,0.08
17.449494949494948,-0.375058356770567,-0.1651486774146267,-3.5802632940754773,0.08
17.474747474747474,-0.383850055726653,-0.1651486774146267,-3.6232800051288017,0.08
17.5,-0.39269908169872414,-0.165148677414658,-3.665191429188092,0.08
17.525252525252526,-0.4016056338570511,-0.16532866902236698,-3.705970571660488,0.08001224364860718
17.550505050505052,-0.4105659279664911,-0.16586864384563604,-3.7456181872684495,0.08004897459442872
17.575757575757574,-0.4195751839405468,-0.16676860188437992,-3.7841419680632584,0.08011019283746464
17.6010101010101,-0.4286286216927247,-0.16802854313864124,-3.821549606096216,0.08019589837771605
17.626262626262626,-0.4377214611365274,-0.1696484676084058,-3.8578487934186043,0.08030609121518183
17.651515151515152,-0.44684892218545874,-0.17162837529367359,-3.8930472220817114,0.08044077134986197
17.676767676767675,-0.4560062247530214,-0.17396826619440198,-3.927152584136822,0.08059993878175646
17.7020202020202,-0.46518858875272184,-0.17666814031070466,-3.960172571635234,0.08078359351086646
17.727272727272727,-0.47439123409806283,-0.17972799764243952,-3.9921148766282304,0.08099173553718969
17.752525252525253,-0.4836093807025481,-0.18314783818970604,-4.022987191167101,0.08122436486072843
17.77777777777778,-0.49283824847968166,-0.1869276619524758,-4.052797207303135,0.08148148148148153
17.8030303030303,-0.502073057342966,-0.19106746893073456,-4.081552617087615,0.08176308539944785
17.828282828282827,-0.5113090272059079,-0.19556725912451078,-4.109261112571838,0.08206917661463081
17.853535353535353,-0.5205413779820096,-0.20042703253376182,-4.1359303858070895,0.08239975512702699
17.87878787878788,-0.5297653295847754,-0.20564678915851609,-4.161568128844657,0.08275482093663754
17.904040404040405,-0.5389761019277087,-0.211226528998802,-4.186182033735831,0.08313437404346473
17.929292929292927,-0.5481689149243126,-0.21716625205457696,-4.209779792531894,0.08353841444750515
17.954545454545453,-0.5573389884880935,-0.22346595832584093,-4.232369097284144,0.08396694214875879
17.97979797979798,-0.5664815425325538,-0.23012564781262235,-4.253957640043863,0.08441995714722907
18.005050505050505,-0.5755917969711978,-0.237145320514907,-4.2745531128623435,0.08489745944291371
18.03030303030303,-0.584664971717529,-0.24452497643265225,-4.294163207790872,0.08539944903581159
18.055555555555554,-0.5936962866850501,-0.25226461556592916,-4.312795616880734,0.08592592592592496
18.08080808080808,-0.6026809617872678,-0.2603642379147235,-4.330458032183224,0.0864768901132527
18.106060606060606,-0.6116142169376846,-0.2688238434789927,-4.347158145749628,0.08705234159779479
18.13131313131313,-0.6204912720498044,-0.2776434322587793,-4.362903649631234,0.08765228037955239
18.156565656565657,-0.6293073470371311,-0.28682300425406915,-4.377702235879331,0.08827670645852322
18.18181818181818,-0.6380576618131673,-0.29636255946486223,-4.391561596545207,0.08892561983471069
18.207070707070706,-0.6467374362914197,-0.30626209789114434,-4.404489423680152,0.08959902050811025
18.232323232323232,-0.6553418903853906,-0.31652161953290125,-4.416493409335454,0.0902969084787253
18.257575757575758,-0.6638662440085841,-0.32714112439018983,-4.427581245562402,0.09101928374655471
18.282828282828284,-0.6723057170745039,-0.33812061246299585,-4.437760624412284,0.09176614631159964
18.308080808080806,-0.6806555294966532,-0.3494600837513051,-4.447039237936386,0.09253749617385892
18.333333333333332,-0.6889109011885377,-0.3611595382550892,-4.455424778186002,0.09333333333333257
18.358585858585858,-0.6970670520636607,-0.3732189759743765,-4.462924937212417,0.09415365779002059
18.383838383838384,-0.7051192020355257,-0.3856383969091812,-4.469547407066919,0.09499846954392296
18.40909090909091,-0.7130625710176367,-0.3984178010594466,-4.475299879800801,0.09586776859504084
18.434343434343432,-0.7208923789234964,-0.4115571884252436,-4.480190047465344,0.09676155494337195
18.45959595959596,-0.7286038456666112,-0.4250565590065438,-4.484225602111844,0.09767982858891855
18.484848484848484,-0.7361921911604838,-0.4389159128033615,-4.4874142357915865,0.09862258953167952
18.51010101010101,-0.7436526353186179,-0.4531352498156682,-4.489763640555861,0.09958983777165485
18.535353535353536,-0.7509803980545179,-0.46771457004346395,-4.491281508455954,0.10058157330884455
18.56060606060606,-0.7581706992816861,-0.4826538734867487,-4.491975531543154,0.10159779614324975
18.585858585858585,-0.7652187589136288,-0.4979531601455509,-4.491853401868754,0.10263850627486931
18.61111111111111,-0.7721197968638488,-0.5136124300198563,-4.4909228114840385,0.1037037037037021
18.636363636363637,-0.77886903304585,-0.5296316831096792,-4.489191452440297,0.10479338842975153
18.661616161616163,-0.7854616873731365,-0.5460109194149911,-4.486667016788818,0.10590756045301418
18.686868686868685,-0.7918929797592109,-0.5627501389357779,-4.48335719658089,0.1070462197734912
18.71212121212121,-0.7981581301175793,-0.5798493416721104,-4.479269683867803,0.10820936639118373
18.737373737373737,-0.8042523583617446,-0.5973085276239178,-4.474412170700843,0.10939700030608947
18.762626262626263,-0.8101708844052107,-0.6150377009873065,-4.468792349131301,0.11060299969391053
18.78787878787879,-0.8159089281614815,-0.6324968869391139,-4.462417911210466,0.11179063360881628
18.81313131313131,-0.82146170954406,-0.6495960896754465,-4.455296548989623,0.1129537802265088
18.838383838383837,-0.8268244484664518,-0.6663353091962332,-4.4474359545200635,0.11409243954698582
18.863636363636363,-0.8319923648421601,-0.6827145455015451,-4.4388438198530755,0.11520661157024847
18.88888888888889,-0.8369606785846887,-0.698733798591368,-4.429527837039947,0.1162962962962979
18.914141414141415,-0.8417246096075416,-0.7143930684656734,-4.419495698131968,0.11736149372513069
18.939393939393938,-0.846279377824222,-0.7296923551244756,-4.408755095180426,0.11840220385675025
18.964646464646464,-0.850620203148235,-0.7446316585677604,-4.39731372023661,0.11941842669115545
18.98989898989899,-0.854742305493084,-0.7592109787955561,-4.385179265351809,0.12041016222834515
19.015151515151516,-0.858640904772273,-0.7734303158078628,-4.3723594225773095,0.12137741046832047
19.04040404040404,-0.8623112208993058,-0.7872896696046805,-4.3588618839643996,0.12232017141108145
19.065656565656564,-0.8657484737876858,-0.8007890401859807,-4.3446943415643755,0.12323844505662805
19.09090909090909,-0.868947883350918,-0.8139284275517777,-4.329864487428515,0.12413223140495916
19.116161616161616,-0.8719046695025057,-0.8267078317020431,-4.314380013608114,0.12500153045607704
19.141414141414142,-0.8746140521559526,-0.8391272526368478,-4.298248612154458,0.12584634220997942
19.166666666666668,-0.8770712512247629,-0.8511866903561351,-4.281477975118835,0.12666666666666743
19.19191919191919,-0.8792714866224404,-0.8628861448599192,-4.264075794552539,0.12746250382614108
19.217171717171716,-0.8812099782624894,-0.8742256161482285,-4.246049762506852,0.12823385368840035
19.242424242424242,-0.8828819460584134,-0.8852051042210345,-4.227407571033064,0.1289807162534453
19.267676767676768,-0.8842826099237161,-0.8958246090783231,-4.208156912182465,0.1297030915212747
19.292929292929294,-0.885407189771902,-0.90608413072008,-4.188305478006345,0.13040097949188975
19.318181818181817,-0.8862509055164746,-0.9159836691463621,-4.167860960555992,0.1310743801652893
19.343434343434343,-0.886808977070938,-0.9255232243571552,-4.146831051882692,0.13172329354147677
19.36868686868687,-0.887076624348796,-0.934702796352445,-4.125223444037734,0.1323477196204476
19.393939393939394,-0.8870490672635525,-0.9435223851322316,-4.103045829072407,0.1329476584022052
19.41919191919192,-0.8867215257287117,-0.9519819906965008,-4.080305899038002,0.13352310988674732
19.444444444444443,-0.8860892196577772,-0.9600816130452952,-4.057011345985808,0.13407407407407504
19.46969696969697,-0.8851473689642528,-0.9678212521785721,-4.033169861967108,0.1346005509641884
19.494949494949495,-0.8838911935616429,-0.9752009080963173,-4.008789139033196,0.1351025405570863
19.52020202020202,-0.8823159133634508,-0.982220580798602,-3.983876869235356,0.13558004285277092
19.545454545454547,-0.8804167482831808,-0.9888802702853834,-3.9584407446248795,0.1360330578512412
19.57070707070707,-0.8781889182343372,-0.9951799765566474,-3.93248845725306,0.13646158555249485
19.595959595959595,-0.8756276431304233,-1.0011196996124223,-3.906027699171176,0.13686562595653526
19.62121212121212,-0.8727281428849427,-1.0066994394527082,-3.8790661624305214,0.13724517906336245
19.646464646464647,-0.8694856374113997,-1.0119191960774625,-3.851611539082384,0.137600244872973
19.671717171717173,-0.8658953466232988,-1.0167789694867135,-3.8236715211780523,0.1379308233853692
19.696969696969695,-0.8619524904341436,-1.0212787596804898,-3.7952538007688195,0.13823691460055215
19.72222222222222,-0.8576522887574374,-1.0254185666587485,-3.766366069905967,0.13851851851851849
19.747474747474747,-0.8529899615066844,-1.0291983904215183,-3.737016020640785,0.13877563513927157
19.772727272727273,-0.8479607285953884,-1.0326182309687848,-3.707211345024563,0.1390082644628103
19.7979797979798,-0.8425598099370539,-1.0356780883005197,-3.676959735108592,0.13921640648913353
19.82323232323232,-0.8367824254451849,-1.0383779624168223,-3.6462688829441596,0.13940006121824353
19.848484848484848,-0.8306237950332844,-1.0407178533175507,-3.6151464805825517,0.13955922865013803
19.873737373737374,-0.8240791386148565,-1.0426977610028185,-3.583600220075059,0.1396939087848182
19.8989898989899,-0.8171436761034054,-1.044317685472583,-3.551637793472968,0.13980410162228396
19.924242424242426,-0.8098126274124351,-1.0455776267268444,-3.519266892827569,0.13988980716253535
19.949494949494948,-0.8020812124554504,-1.0464775847655883,-3.486495210190157,0.13995102540557128
19.974747474747474,-0.7939446511459531,-1.0470175595888573,-3.4533304376120064,0.13998775635139282
20.0,-0.7853981633974483,-1.0471975511965663,-3.4197802671444157,0.14
20.025252525252526,-0.7764391344799412,-1.0471975511965979,-3.385852647809152,0.14
20.05050505050505,-0.7670736110894442,-1.0471975511965979,-3.3515565565099164,0.14
20.075757575757574,-0.7573098052784668,-1.0471975511965979,-3.316901227120875,0.14
20.1010101010101,-0.7471559290995232,-1.0471975511965979,-3.2818958935162104,0.14
20.126262626262626,-0.7366201946051255,-1.0471975511965979,-3.246549789570099,0.14
20.151515151515152,-0.7257108138477862,-1.0471975511965979,-3.2108721491567174,0.14
20.176767676767675,-0.7144359988800192,-1.0471975511965979,-3.174872206150247,0.14
20.2020202020202,-0.7028039617543339,-1.0471975511965979,-3.138559194424855,0.14
20.227272727272727,-0.6908229145232441,-1.0471975511965979,-3.101942347854723,0.14
20.252525252525253,-0.6785010692392623,-1.0471975511965979,-3.0650309003140284,0.14
20.27777777777778,-0.665846637954901,-1.0471975511965979,-3.027834085676947,0.14
20.3030303030303,-0.6528678327226743,-1.0471975511965979,-2.9903611378176604,0.14
20.328282828282827,-0.6395728655950911,-1.0471975511965979,-2.9526212906103355,0.14
20.353535353535353,-0.6259699486246654,-1.0471975511965979,-2.914623777929155,0.14
20.37878787878788,-0.6120672938639099,-1.0471975511965979,-2.876377833648294,0.14
20.404040404040405,-0.5978731133653367,-1.0471975511965979,-2.8378926916419305,0.14
20.429292929292927,-0.5833956191814605,-1.0471975511965979,-2.7991775857842462,0.14
20.454545454545453,-0.5686430233647897,-1.0471975511965979,-2.760241749949407,0.14
20.47979797979798,-0.5536235379678384,-1.0471975511965979,-2.721094418011595,0.14
20.505050505050505,-0.5383453750431192,-1.0471975511965979,-2.681744823844987,0.14
20.53030303030303,-0.5228167466431446,-1.0471975511965979,-2.6422022013237596,0.14
20.555555555555554,-0.507045864820429,-1.0471975511965979,-2.6024757843220954,0.14
20.58080808080808,-0.4910409416274807,-1.0471975511965979,-2.562574806714159,0.14
20.606060606060606,-0.47481018911681405,-1.0471975511965979,-2.522508502374134,0.14
20.63131313131313,-0.4583618193409415,-1.0471975511965979,-2.482286105176197,0.14
20.656565656565657,-0.44170404435237554,-1.0471975511965979,-2.4419168489945235,0.14
20.68181818181818,-0.424845076203631,-1.0471975511965979,-2.4014099677032967,0.14
20.707070707070706,-0.4077931269472154,-1.0471975511965979,-2.360774695176682,0.14
20.732323232323232,-0.3905564086356435,-1.0471975511965979,-2.3200202652888624,0.14
20.757575757575758,-0.3731431333214279,-1.0471975511965979,-2.279155911914013,0.14
20.782828282828284,-0.35556151305708095,-1.0471975511965979,-2.238190868926312,0.14
20.808080808080806,-0.3378197598951174,-1.0471975511965979,-2.1971343701999415,0.14
20.833333333333332,-0.3199260858880449,-1.0471975511965979,-2.1559956496090664,0.14
20.858585858585858,-0.3018887030883782,-1.0471975511965979,-2.114783941027869,0.14
20.883838383838384,-0.2837158235486296,-1.0471975511965979,-2.073508478330527,0.14
20.90909090909091,-0.2654156593213118,-1.0471975511965979,-2.032178495391216,0.14
20.934343434343432,-0.24699642245893966,-1.0471975511965979,-1.9908032260841195,0.14
20.95959595959596,-0.22846632501402026,-1.0471975511965979,-1.9493919042834018,0.14
20.984848484848484,-0.2098335790390689,-1.0471975511965979,-1.9079537638632458,0.14
21.01010101010101,-0.19110639658659773,-1.0471975511965979,-1.866498038697828,0.14
21.035353535353536,-0.17229298970911927,-1.0471975511965979,-1.8250339626613254,0.14
21.06060606060606,-0.15340157045914865,-1.0471975511965979,-1.7835707696279206,0.14
21.085858585858585,-0.13444035088919276,-1.0471975511965979,-1.7421176934717786,0.14
21.11111111111111,-0.11541754305176692,-1.0471975511965979,-1.7006839680670816,0.14
21.136363636363637,-0.09634135899938336,-1.0471975511965979,-1.6592788272880066,0.14
21.161616161616163,-0.07722001078455451,-1.0471975511965979,-1.6179115050087303,0.14
21.186868686868685,-0.05806171045979555,-1.0471975511965979,-1.5765912351034352,0.14
21.21212121212121,-0.038874670077613444,-1.0471975511965979,-1.5353272514462866,0.14
21.237373737373737,-0.019667101690523325,-1.0471975511965979,-1.4941287879114666,0.14
21.262626262626263,-0.0004472173510376154,-1.0471975511965979,-1.4530050783731527,0.14
21.28787878787879,0.01877677088833138,-1.0471975511965979,-1.4119653567055208,0.14
21.31313131313131,0.03799665097506835,-1.0471975511965979,-1.3710188567827535,0.14
21.338383838383837,0.05720421085666655,-1.0471975511965979,-1.3301748124790165,0.14
21.363636363636363,0.07639123848061066,-1.0471975511965979,-1.2894424576684917,0.14
21.38888888888889,0.0955495217943883,-1.0471975511965979,-1.2488310262253564,0.14
21.414141414141415,0.11467084874548708,-1.0471975511965979,-1.208349752023787,0.14
21.439393939393938,0.1337470072813921,-1.0471975511965979,-1.1680078689379656,0.14
21.464646464646464,0.15276978534959607,-1.0471975511965979,-1.1278146108420581,0.14
21.48989898989899,0.17173097089758393,-1.0471975511965979,-1.0877792116102465,0.14
21.515151515151516,0.19062235187284338,-1.0471975511965979,-1.0479109051167081,0.14
21.54040404040404,0.20943571622286178,-1.0471975511965979,-1.008218925235619,0.14
21.565656565656564,0.2281628518951243,-1.0471975511965979,-0.9687125058411616,0.14
21.59090909090909,0.24679554683712385,-1.0471975511965979,-0.9294008808075015,0.14
21.616161616161616,0.2653255889963454,-1.0471975511965979,-0.8902932840088217,0.14
21.641414141414142,0.28374476632027623,-1.0471975511965979,-0.8513989493192982,0.14
21.666666666666668,0.3020448667564042,-1.0471975511965979,-0.8127271106131071,0.14
21.69191919191919,0.32021767825221414,-1.0471975511965979,-0.7742870017644315,0.14
21.717171717171716,0.3382549887551991,-1.0471975511965979,-0.7360878566474375,0.14
21.742424242424242,0.35614858621284384,-1.0471975511965979,-0.6981389091363064,0.14
21.767676767676768,0.373890258572636,-1.0471975511965979,-0.6604493931052157,0.14
21.792929292929294,0.39147179378206304,-1.0471975511965979,-0.6230285424283418,0.14
21.818181818181817,0.4088849797886105,-1.0471975511965979,-0.5858855909798661,0.14
21.843434343434343,0.4261216045397703,-1.0471975511965979,-0.5490297726339552,0.14
21.86868686868687,0.44317345598302815,-1.0471975511965979,-0.5124703212647919,0.14
21.893939393939394,0.4600323220658714,-1.0471975511965979,-0.4762164707465517,0.14
21.91919191919192,0.47668999073578733,-1.0471975511965979,-0.4402774549534121,0.14
21.944444444444443,0.4931382499402619,-1.0471975511965979,-0.4046625077595545,0.14
21.96969696969697,0.5093688876267866,-1.0471975511965979,-0.36938086303914597,0.14
21.994949494949495,0.5253736917428471,-1.0471975511965979,-0.33444175466636716,0.14
22.02020202020202,0.5411444502359313,-1.0471975511965979,-0.29985441651539646,0.14
22.045454545454547,0.5566729510535262,-1.0471975511965979,-0.26562808246040936,0.14
22.07070707070707,0.5719509821431171,-1.0471975511965979,-0.2317719863755876,0.14
22.095959595959595,0.5869703314521968,-1.0471975511965979,-0.19829536213509846,0.14
22.12121212121212,0.6017227869282498,-1.0471975511965979,-0.16520744361312367,0.14
22.146464646464647,0.6162001365187643,-1.0471975511965979,-0.13251746468383963,0.14
22.171717171717173,0.6303941681712278,-1.0471975511965979,-0.10023465922142316,0.14
22.196969696969695,0.6442966698331256,-1.0471975511965979,-0.06836826110005534,0.14
22.22222222222222,0.6578994294519495,-1.0471975511965979,-0.03692750419390456,0.14
22.247474747474747,0.671194234975185,-1.0471975511965979,-0.005921622377150326,0.14
22.272727272727273,0.6841728743503198,-1.0471975511965979,0.024640150476028078,0.14
22.2979797979798,0.6968271355248414,-1.0471975511965979,0.05474858049145648,0.14
22.32323232323232,0.7091488064462357,-1.0471975511965979,0.08439443379495248,0.14
22.348484848484848,0.721129675061994,-1.0471975511965979,0.11356847651234725,0.14
22.373737373737374,0.7327615293196015,-1.0471975511965979,0.1422614747694615,0.14
22.3989898989899,0.7440361571665464,-1.0471975511965979,0.17046419469211727,0.14
22.424242424242422,0.7549453465503146,-1.0471975511965979,0.19816740240613506,0.14
22.449494949494948,0.7654808854183965,-1.0471975511965979,0.22536186403734448,0.14
22.474747474747474,0.7756345617182787,-1.0471975511965979,0.25203834571156647,0.14
22.5,0.7853981633974483,-1.0471975511965983,0.2781876135546226,0.14
22.525252525252526,0.7947654779028007,-1.0471730838293514,0.30380178884984566,0.1400020406081012
22.55050505050505,0.8037382906788608,-1.0470996817276141,0.3288784135105962,0.1400081624324048
22.575757575757574,0.8123203866695646,-1.0469773448913795,0.3534163846077538,0.14001836547291105
22.6010101010101,0.820515550818845,-1.046806073320644,0.37741459921218734,0.14003264972961943
22.626262626262626,0.8283275680706355,-1.0465858670154216,0.4008719543947694,0.1400510152025305
22.651515151515152,0.8357602233688696,-1.0463167259757018,0.4237873472263727,0.14007346189164394
22.676767676767675,0.8428173016574804,-1.0459986502014846,0.4461596747778658,0.1400999897969595
22.7020202020202,0.8495025878804034,-1.0456316396927772,0.46798783412012934,0.14013059891847773
22.727272727272727,0.8558198669815716,-1.0452156944495758,0.4892707223240311,0.14016528925619867
22.752525252525253,0.8617729239049186,-1.0447508144718807,0.510007236460444,0.14020406081012168
22.77777777777778,0.8673655435943778,-1.0442369997596845,0.5301962736002412,0.1402469135802471
22.8030303030303,0.8726015109938828,-1.0436742503130017,0.5498367308142917,0.14029384756657493
22.828282828282827,0.8774846110473684,-1.0430625661318214,0.5689275051734741,0.1403448627691054
22.853535353535353,0.8820186286987679,-1.0424019472161508,0.5874674937486581,0.140399959187838
22.87878787878788,0.8862073488920147,-1.041692393565972,0.6054555936107162,0.14045913682277358
22.904040404040405,0.8900545565710427,-1.0409339051813138,0.6228907018305208,0.14052239567391098
22.929292929292927,0.8935640366797851,-1.040126482062158,0.6397717154789424,0.14058973574125105
22.954545454545453,0.8967395741621766,-1.0392701242085085,0.656097531626858,0.14066115702479295
22.97979797979798,0.8995849539621508,-1.0383648316203544,0.6718670473451378,0.1407366595245381
23.005050505050505,0.9021039610236409,-1.0374106042977136,0.687079159704655,0.14081624324048533
23.03030303030303,0.9043003802905808,-1.036407442240579,0.7017327657762813,0.14089990817263526
23.055555555555554,0.9061779967069041,-1.0353553454489468,0.7158267626308876,0.1409876543209873
23.08080808080808,0.9077405952165452,-1.0342543139228209,0.7293600473393504,0.14107948168554202
23.106060606060606,0.9089919607634372,-1.0331043476622046,0.7423315169725404,0.14117539026629913
23.13131313131313,0.9099358782915141,-1.0319054466670945,0.7547400686013295,0.14127538006325835
23.156565656565657,0.9105761327447094,-1.0306576109374799,0.7665845992965914,0.14137945107642053
23.18181818181818,0.9109165090669571,-1.0293608404733785,0.7778640061291964,0.14148760330578483
23.207070707070706,0.9109607922021908,-1.0280151352747833,0.7885771861700195,0.1415998367513518
23.232323232323232,0.9107127670943443,-1.0266204953416942,0.798723036489934,0.14171615141312116
23.257575757575758,0.9101762186873514,-1.0251769206741042,0.8083004541598098,0.14183654729109235
23.282828282828284,0.9093549319251454,-1.0236844112720274,0.8173083362505205,0.1419610243852665
23.308080808080806,0.9082526917516607,-1.0221429671354532,0.8257455798329376,0.14208958269564306
23.333333333333332,0.9068732831108307,-1.0205525882643816,0.8336110819779363,0.142222222222222
23.358585858585858,0.9052204909465891,-1.0189132746588196,0.8409037397563872,0.14235894296500334
23.383838383838384,0.9032981002028696,-1.0172250263187603,0.847622450239164,0.14249974492398734
23.40909090909091,0.9011098958236058,-1.0154878432442107,0.8537661104971375,0.14264462809917347
23.434343434343432,0.8986596627527323,-1.0137017254351601,0.8593336176011812,0.142793592490562
23.45959595959596,0.8959511859341818,-1.0118666728916192,0.8643238686221686,0.1429466380981532
23.484848484848484,0.8929882503118884,-1.0099826856135845,0.8687357606309707,0.14310376492194676
23.51010101010101,0.8897746408297859,-1.0080497636010524,0.8725681906984613,0.1432649729619425
23.535353535353536,0.8863141424318077,-1.00606790685403,0.8758200558955123,0.14343026221814084
23.56060606060606,0.8826105400618887,-1.00403711537251,0.8784902532929957,0.1435996326905419
23.585858585858585,0.8786676186639611,-1.0019573891565,0.8805776799617857,0.1437730843791448
23.61111111111111,0.8744891631819591,-0.9998287282059888,0.8820812329727534,0.14395061728395064
23.636363636363637,0.8700789585598171,-0.9976511325209874,0.8829998093967726,0.1441322314049586
23.661616161616163,0.8654407897414679,-0.9954246021014956,0.8833323063047138,0.14431792674216892
23.686868686868685,0.8605784416708467,-0.993149136947503,0.8830776207674513,0.14450770329558196
23.71212121212121,0.8554956992918855,-0.9908247370590093,0.8822346498558575,0.14470156106519766
23.737373737373737,0.8501963475485187,-0.9884514024360325,0.8808022906408044,0.1448995000510152
23.762626262626263,0.8446841713846802,-0.9860413667621781,0.8787794401931648,0.1451004999489848
23.78787878787879,0.8389629557443035,-0.9836680321392013,0.8761649955838116,0.14529843893480232
23.81313131313131,0.8330364855713236,-0.9813436322507076,0.8729578538836167,0.14549229670441804
23.838383838383837,0.8269085458096721,-0.979068167096715,0.8691569121634535,0.14568207325783106
23.863636363636363,0.8205829214032836,-0.9768416366772232,0.8647610674941935,0.1458677685950414
23.88888888888889,0.8140633972960926,-0.9746640409922218,0.859769216946709,0.14604938271604936
23.914141414141415,0.8073537584320316,-0.9725353800417107,0.854180257591874,0.1462269156208552
23.939393939393938,0.8004577897550362,-0.9704556538257005,0.8479930865005612,0.1464003673094581
23.964646464646464,0.7933792762090379,-0.9684248623441807,0.8412066007436412,0.14656973778185914
23.98989898989899,0.7861220027379714,-0.9664430055971582,0.8338196973919882,0.14673502703805752
24.015151515151516,0.7786897542857705,-0.9645100835846261,0.8258312735164735,0.14689623507805322
24.04040404040404,0.771086315796369,-0.9626260963065914,0.8172402261879705,0.1470533619018468
24.065656565656564,0.7633154722137013,-0.9607910437630505,0.8080454524773537,0.147206407509438
24.09090909090909,0.7553810084817,-0.9590049259539999,0.7982458494554918,0.14735537190082654
24.116161616161616,0.7472867095442985,-0.9572677428794503,0.7878403141932591,0.14750025507601264
24.141414141414142,0.7390363603454316,-0.955579494539391,0.7768277437615279,0.14764105703499666
24.166666666666668,0.7306337458290327,-0.953940180933829,0.765207035231172,0.147777777777778
24.19191919191919,0.7220826509390366,-0.9523498020627574,0.7529770856730638,0.14791041730435694
24.217171717171716,0.713386860619375,-0.9508083579261832,0.7401367921580735,0.14803897561473348
24.242424242424242,0.7045501598139823,-0.9493158485241064,0.7266850517570749,0.14816345270890763
24.267676767676768,0.6955763334667928,-0.9478722738565164,0.7126207615409421,0.14828384858687882
24.292929292929294,0.6864691665217397,-0.9464776339234273,0.6979428185805459,0.1484001632486482
24.318181818181817,0.6772324439227583,-0.9451319287248321,0.6826501199467607,0.14851239669421518
24.343434343434343,0.6678699506137803,-0.9438351582607307,0.666741562710456,0.14862054892357945
24.36868686868687,0.6583854715387396,-0.9425873225311161,0.6502160439425064,0.14872461993674166
24.393939393939394,0.6487827916415709,-0.941388421536006,0.6330724607137843,0.14882460973370087
24.41919191919192,0.6390656958662073,-0.9402384552753897,0.6153097100951617,0.148920518314458
24.444444444444443,0.6292379691565841,-0.9391374237492638,0.596926689157514,0.1490123456790127
24.46969696969697,0.6193033964566328,-0.9380853269576317,0.5779222949717084,0.14910009182736472
24.494949494949495,0.6092657627102875,-0.937082164900497,0.5582954246086214,0.14918375675951467
24.52020202020202,0.5991288528614829,-0.9361279375778562,0.5380449751391239,0.14926334047546191
24.545454545454547,0.588896451854152,-0.9352226449897021,0.5171698436340888,0.14933884297520705
24.57070707070707,0.5785723446322304,-0.9343662871360525,0.49566892716439215,0.14941026425874895
24.595959595959595,0.5681603161396493,-0.9335588640168968,0.4735411228009001,0.14947760432608903
24.62121212121212,0.5576641513203429,-0.9328003756322385,0.4507853276144891,0.14954086317722642
24.646464646464647,0.5470876351182457,-0.9320908219820598,0.42740043867603017,0.14960004081216197
24.671717171717173,0.5364345524772912,-0.9314302030663892,0.40338535305639667,0.14965513723089457
24.696969696969695,0.5257086883414144,-0.930818518885209,0.378738967826465,0.14970615243342508
24.72222222222222,0.5149138276545466,-0.9302557694385261,0.35346018005710067,0.14975308641975288
24.747474747474747,0.5040537553606228,-0.9297419547263299,0.32754788681917857,0.14979593918987832
24.772727272727273,0.4931322564035765,-0.9292770747486347,0.3010009851835731,0.14983471074380134
24.797979797979796,0.4821531157273432,-0.9288611295054334,0.27381837222115846,0.14986940108152225
24.82323232323232,0.4711201182758532,-0.928494118996726,0.24599894500280217,0.1499000102030405
24.848484848484848,0.4600370489930423,-0.9281760432225088,0.21754160059937755,0.14992653810835604
24.873737373737374,0.44890769282284426,-0.927906902182789,0.18844523608176078,0.14994898479746951
24.8989898989899,0.4377358347091922,-0.9276866958775667,0.1587087485208205,0.14996735027038055
24.924242424242422,0.42652525959602194,-0.9275154243068311,0.12833103498743714,0.14998163452708893
24.949494949494948,0.4152797524272639,-0.9273930874705965,0.09731099255247111,0.1499918375675952
24.974747474747474,0.4040030981468533,-0.9273196853688592,0.06564751828680326,0.1499979593918988
25.0,0.39269908169872414,-0.9272952180016123,0.033339509261302025,0.15
25.025252525252526,0.38137132146092523,-0.9272952180016123,0.00038933000524643546,0.15
25.05050505050505,0.37002276954796826,-0.9272952180016123,-0.033186785118467954,0.15
25.075757575757574,0.35865621150847554,-0.9272952180016123,-0.06736913428855651,0.15
25.1010101010101,0.347274432891074,-0.9272952180016123,-0.10213801568371927,0.15
25.126262626262626,0.33588021924438904,-0.9272952180016123,-0.1374737274826614,0.15
25.151515151515152,0.324476356117046,-0.9272952180016123,-0.17335656786408826,0.15
25.176767676767675,0.31306562905767205,-0.9272952180016123,-0.2097668350066999,0.15
25.2020202020202,0.30165082361488915,-0.9272952180016123,-0.24668482708921124,0.15
25.227272727272727,0.2902347253373244,-0.9272952180016123,-0.2840908422903228,0.15
25.252525252525253,0.2788201197736032,-0.9272952180016123,-0.32196517878873965,0.15
25.27777777777778,0.26740979247235086,-0.9272952180016123,-0.360288134763167,0.15
25.3030303030303,0.25600652898219445,-0.9272952180016123,-0.39904000839230425,0.15
25.328282828282827,0.2446131148517562,-0.9272952180016123,-0.4382010978548674,0.15
25.353535353535353,0.233232335629663,-0.9272952180016123,-0.4777517013295567,0.15
25.37878787878788,0.2218669768645403,-0.9272952180016123,-0.5176721169950771,0.15
25.404040404040405,0.21051982410501346,-0.9272952180016123,-0.5579426430301333,0.15
25.429292929292927,0.19919366289970947,-0.9272952180016123,-0.5985435776134254,0.15
25.454545454545453,0.18789127879725054,-0.9272952180016123,-0.6394552189236695,0.15
25.47979797979798,0.17661545734626363,-0.9272952180016123,-0.6806578651395655,0.15
25.505050505050505,0.16536898409537418,-0.9272952180016123,-0.7221318144398181,0.15
25.53030303030303,0.15415464459320752,-0.9272952180016123,-0.7638573650031326,0.15
25.555555555555554,0.14297522438839064,-0.9272952180016123,-0.8058148150082085,0.15
25.58080808080808,0.1318335090295458,-0.9272952180016123,-0.8479844626337624,0.15
25.606060606060606,0.12073228406529993,-0.9272952180016123,-0.8903466060584938,0.15
25.63131313131313,0.1096743350442785,-0.9272952180016123,-0.9328815434611077,0.15
25.656565656565657,0.09866244751510676,-0.9272952180016123,-0.9755695730203093,0.15
25.68181818181818,0.08769940702641181,-0.9272952180016123,-1.018390992914798,0.15
25.707070707070706,0.07678799912681579,-0.9272952180016123,-1.0613261013232904,0.15
25.732323232323232,0.06593100936494577,-0.9272952180016123,-1.1043551964244862,0.15
25.757575757575758,0.05513122328942702,-0.9272952180016123,-1.1474585763970904,0.15
25.782828282828284,0.044391426448885045,-0.9272952180016123,-1.190616539419808,0.15
25.808080808080806,0.033714404391946645,-0.9272952180016123,-1.2338093836713382,0.15
25.833333333333332,0.02310294266723422,-0.9272952180016123,-1.2770174073303984,0.15
25.858585858585858,0.012559826823374743,-0.9272952180016123,-1.3202209085756873,0.15
25.883838383838384,0.002087842408993495,-0.9272952180016123,-1.3634001855859106,0.15
25.90909090909091,-0.008310225027284027,-0.9272952180016123,-1.4065355365397731,0.15
25.934343434343432,-0.01863158993683108,-0.9272952180016123,-1.449607259615974,0.15
25.95959595959596,-0.02887346677102509,-0.9272952180016123,-1.4925956529932307,0.15
25.984848484848484,-0.03903306998123933,-0.9272952180016123,-1.535481014850242,0.15
26.01010101010101,-0.049107614018848285,-0.9272952180016123,-1.5782436433657132,0.15
26.035353535353536,-0.05909431333522665,-0.9272952180016123,-1.6208638367183497,0.15
26.06060606060606,-0.06899038238174755,-0.9272952180016123,-1.66332189308685,0.15
26.085858585858585,-0.07879303560978854,-0.9272952180016123,-1.705598110649932,0.15
26.11111111111111,-0.08849948747072267,-0.9272952180016123,-1.7476727875862943,0.15
26.136363636363637,-0.09810695241592461,-0.9272952180016123,-1.7895262220746426,0.15
26.161616161616163,-0.10761264489676908,-0.9272952180016123,-1.8311387122936817,0.15
26.186868686868685,-0.11701377936462921,-0.9272952180016123,-1.8724905564221108,0.15
26.21212121212121,-0.1263075702708823,-0.9272952180016123,-1.9135620526386472,0.15
26.237373737373737,-0.1354912320669016,-0.9272952180016123,-1.9543334991219896,0.15
26.262626262626263,-0.14456197920406183,-0.9272952180016123,-1.9947851940508436,0.15
26.28787878787879,-0.15351702613373747,-0.9272952180016123,-2.0348974356039142,0.15
26.31313131313131,-0.16235358730730204,-0.9272952180016123,-2.074650521959901,0.15
26.338383838383837,-0.17106887717613262,-0.9272952180016123,-2.11402475129752,0.15
26.363636363636363,-0.17966011019160238,-0.9272952180016123,-2.153000421795472,0.15
26.38888888888889,-0.18812450080508614,-0.9272952180016123,-2.1915578316324607,0.15
26.414141414141415,-0.19645926346795833,-0.9272952180016123,-2.2296772789871917,0.15
26.439393939393938,-0.20466161263159255,-0.9272952180016123,-2.2673390620383653,0.15
26.464646464646464,-0.21272876274736569,-0.9272952180016123,-2.3045234789646964,0.15
26.48989898989899,-0.2206579282666513,-0.9272952180016123,-2.3412108279448858,0.15
26.515151515151516,-0.2284463236408237,-0.9272952180016123,-2.377381407157638,0.15
26.54040404040404,-0.23609116332125774,-0.9272952180016123,-2.4130155147816588,0.15
26.565656565656564,-0.24358966175932695,-0.9272952180016123,-2.448093448995648,0.15
26.59090909090909,-0.250939033406408,-0.9272952180016123,-2.48259550797832,0.15
26.616161616161616,-0.2581364927138744,-0.9272952180016123,-2.5165019899083765,0.15
26.641414141414142,-0.26517925413310095,-0.9272952180016123,-2.5497931929645214,0.15
26.666666666666668,-0.272064532115462,-0.9272952180016123,-2.58244941532546,0.15
26.69191919191919,-0.2787895411123314,-0.9272952180016123,-2.6144509551698936,0.15
26.717171717171716,-0.28535149557508555,-0.9272952180016123,-2.645778110676536,0.15
26.742424242424242,-0.2917476099550982,-0.9272952180016123,-2.676411180024088,0.15
26.767676767676768,-0.297975098703744,-0.9272952180016123,-2.7063304613912536,0.15
26.792929292929294,-0.3040311762723974,-0.9272952180016123,-2.7355162529567405,0.15
26.818181818181817,-0.3099130571124322,-0.9272952180016123,-2.7639488528992473,0.15
26.843434343434343,-0.3156179556752248,-0.9272952180016123,-2.791608559397488,0.15
26.86868686868687,-0.3211430864121489,-0.9272952180016123,-2.818475670630165,0.15
26.893939393939394,-0.3264856637745791,-0.9272952180016123,-2.8445304847759814,0.15
26.91919191919192,-0.33164290221389003,-0.9272952180016123,-2.8697533000136435,0.15
26.944444444444443,-0.3366120161814556,-0.9272952180016123,-2.894124414521853,0.15
26.96969696969697,-0.34139022012865194,-0.9272952180016123,-2.917624126479322,0.15
26.994949494949495,-0.3459747285068527,-0.9272952180016123,-2.940232734064752,0.15
27.02020202020202,-0.35036275576743264,-0.9272952180016123,-2.9619305354568475,0.15
27.045454545454543,-0.35455151636176585,-0.9272952180016123,-2.9826978288343122,0.15
27.07070707070707,-0.3585382247412279,-0.9272952180016123,-3.0025149123758563,0.15
27.095959595959595,-0.36232009535719323,-0.9272952180016123,-3.021362084260182,0.15
27.12121212121212,-0.3658943426610359,-0.9272952180016123,-3.0392196426659943,0.15
27.146464646464647,-0.3692581811041308,-0.9272952180016123,-3.056067885771998,0.15
27.17171717171717,-0.37240882513785223,-0.9272952180016123,-3.0718871117568978,0.15
27.196969696969695,-0.3753434892135754,-0.9272952180016123,-3.0866576187994013,0.15
27.22222222222222,-0.37805938778267467,-0.9272952180016123,-3.1003597050782115,0.15
27.247474747474747,-0.3805537352965247,-0.9272952180016123,-3.1129736687720357,0.15
27.272727272727273,-0.3828237462064997,-0.9272952180016123,-3.1244798080595766,0.15
27.297979797979796,-0.38486663496397466,-0.9272952180016123,-3.134858421119539,0.15
27.32323232323232,-0.38667961602032414,-0.9272952180016123,-3.144089806130632,0.15
27.348484848484848,-0.3882599038269228,-0.9272952180016123,-3.152154261271557,0.15
27.373737373737374,-0.38960471283514536,-0.9272952180016123,-3.159032084721021,0.15
27.3989898989899,-0.390711257496366,-0.9272952180016123,-3.164703574657728,0.15
27.424242424242422,-0.39157675226195954,-0.9272952180016123,-3.169149029260384,0.15
27.449494949494948,-0.39219841158330065,-0.9272952180016123,-3.1723487467076934,0.15
27.474747474747474,-0.392573449911764,-0.9272952180016123,-3.174283025178362,0.15
27.5,-0.3926990816987243,-0.9272952180016123,-3.174932162851095,0.15
